Date,High,Low,Open,Close,Volume,Adj Close
2014-02-19,42217.5,38505.19921875,39023.19921875,41311.0,3509017,41311.0
2014-02-20,41699.5,39843.30078125,41570.0,40145.5,1413760,40145.5
2014-02-21,41267.8984375,39972.80078125,40490.8984375,40620.3984375,793916,40620.3984375
2014-02-24,41915.3984375,40620.3984375,40922.5,40706.69921875,884032,40706.69921875
2014-02-25,41267.8984375,40275.0,41052.0,40922.5,501225,40922.5
2014-02-26,41354.19921875,39843.30078125,40749.8984375,40706.69921875,749184,40706.69921875
2014-02-27,41656.3984375,40620.3984375,40620.3984375,40836.19921875,683058,40836.19921875
2014-02-28,41440.5,40793.0,40965.69921875,41397.3984375,646716,41397.3984375
2014-03-03,42865.0,41483.69921875,41656.3984375,42778.69921875,1574901,42778.69921875
2014-03-04,42821.8984375,39757.0,42649.19921875,39929.69921875,1229417,39929.69921875
2014-03-05,40836.19921875,39282.19921875,40706.69921875,39929.69921875,1732986,39929.69921875
2014-03-06,40231.80078125,38807.30078125,39929.69921875,39325.30078125,972047,39325.30078125
2014-03-07,40059.19921875,39498.0,39886.5,39843.30078125,530113,39843.30078125
2014-03-10,40447.69921875,39066.30078125,39713.80078125,39929.69921875,611660,39929.69921875
2014-03-11,40663.5,39929.69921875,39929.69921875,40577.19921875,553605,40577.19921875
2014-03-12,39411.69921875,36519.5,39023.19921875,37210.1015625,3303296,37210.1015625
2014-03-13,37857.69921875,35613.0,37382.80078125,37296.5,2074479,37296.5
2014-03-14,37037.5,36260.5,36778.5,36260.5,723670,36260.5
2014-03-17,36519.5,35613.0,35915.1015625,35915.1015625,500602,35915.1015625
2014-03-18,36649.0,36217.30078125,36260.5,36260.5,366901,36260.5
2014-03-19,36562.6015625,35915.1015625,36476.30078125,35915.1015625,371144,35915.1015625
2014-03-20,36044.6015625,34792.80078125,35742.5,35310.80078125,695340,35310.80078125
2014-03-21,36001.5,35267.6015625,35267.6015625,35872.0,368790,35872.0
2014-03-24,36346.80078125,35699.30078125,36346.80078125,35699.30078125,321060,35699.30078125
2014-03-25,35958.30078125,35397.1015625,35828.80078125,35656.1015625,325504,35656.1015625
2014-03-26,40879.3984375,35656.1015625,35656.1015625,39713.80078125,3752470,39713.80078125
2014-03-27,39972.80078125,37771.30078125,39713.80078125,38462.0,1706024,38462.0
2014-03-28,39066.30078125,37771.30078125,38332.5,37900.80078125,736238,37900.80078125
2014-03-31,38289.30078125,37426.0,37900.80078125,37987.19921875,483560,37987.19921875
2014-04-01,38936.80078125,37857.69921875,37987.19921875,38332.5,861327,38332.5
2014-04-02,40145.5,38677.80078125,38807.30078125,39670.69921875,1373941,39670.69921875
2014-04-03,45584.6015625,39713.80078125,39713.80078125,42174.3984375,6918093,42174.3984375
2014-04-04,43944.19921875,41785.8984375,43253.6015625,42303.8984375,2351800,42303.8984375
2014-04-07,45239.19921875,41656.3984375,41785.8984375,44030.6015625,2833547,44030.6015625
2014-04-08,44548.6015625,42735.5,43598.8984375,42735.5,1219579,42735.5
2014-04-09,43857.8984375,42519.69921875,43339.8984375,42821.8984375,858348,42821.8984375
2014-04-10,44203.19921875,42735.5,43685.19921875,42865.0,967059,42865.0
2014-04-11,43426.19921875,42044.8984375,42562.8984375,43167.19921875,875500,43167.19921875
2014-04-14,44980.19921875,43685.19921875,43685.19921875,44462.19921875,1616097,44462.19921875
2014-04-15,44980.19921875,43771.6015625,44721.19921875,43771.6015625,729588,43771.6015625
2014-04-16,43771.6015625,42476.5,43685.19921875,42951.3984375,827468,42951.3984375
2014-04-17,43339.8984375,42649.19921875,42821.8984375,42778.69921875,411355,42778.69921875
2014-04-18,44634.8984375,42821.8984375,42994.6015625,44375.8984375,1477992,44375.8984375
2014-04-21,44634.8984375,43124.1015625,44289.6015625,43167.19921875,792879,43167.19921875
2014-04-22,42994.6015625,41354.19921875,42735.5,41872.19921875,1558967,41872.19921875
2014-04-23,42649.19921875,41095.19921875,41872.19921875,41095.19921875,897071,41095.19921875
2014-04-24,41958.5,40663.5,41354.19921875,41483.69921875,732081,41483.69921875
2014-04-25,43426.19921875,41440.5,42476.5,41440.5,1346255,41440.5
2014-04-28,41742.69921875,40922.5,41095.19921875,41095.19921875,442068,41095.19921875
2014-04-29,41742.69921875,41052.0,41526.8984375,41267.8984375,438801,41267.8984375
2014-04-30,42390.19921875,40965.69921875,41181.5,41526.8984375,632377,41526.8984375
2014-05-02,41699.5,40490.8984375,41440.5,40749.8984375,530310,40749.8984375
2014-05-07,41095.19921875,40145.5,40922.5,40145.5,426853,40145.5
2014-05-08,40447.69921875,39368.5,40059.19921875,39757.0,425553,39757.0
2014-05-09,40922.5,39843.30078125,39843.30078125,40361.3984375,318102,40361.3984375
2014-05-12,41613.19921875,40577.19921875,40577.19921875,41483.69921875,546526,41483.69921875
2014-05-13,42217.5,41397.3984375,41656.3984375,41397.3984375,485429,41397.3984375
2014-05-14,42088.0,40879.3984375,41354.19921875,42088.0,498419,42088.0
2014-05-15,44462.19921875,42347.0,42951.3984375,44030.6015625,1867856,44030.6015625
2014-05-16,45066.6015625,43253.6015625,44807.6015625,43685.19921875,1717451,43685.19921875
2014-05-19,43685.19921875,42476.5,43685.19921875,42735.5,923542,42735.5
2014-05-20,43426.19921875,42174.3984375,42865.0,42174.3984375,670447,42174.3984375
2014-05-21,42821.8984375,41958.5,42088.0,42606.0,491519,42606.0
2014-05-22,42951.3984375,41829.0,42778.69921875,41872.19921875,446515,41872.19921875
2014-05-23,43167.19921875,41742.69921875,41872.19921875,42303.8984375,618774,42303.8984375
2014-05-26,43857.8984375,42001.69921875,42606.0,42044.8984375,1137585,42044.8984375
2014-05-27,42044.8984375,41138.3984375,42044.8984375,41224.69921875,1432178,41224.69921875
2014-05-28,41785.8984375,40922.5,41785.8984375,41138.3984375,482570,41138.3984375
2014-05-29,41483.69921875,40879.3984375,41224.69921875,41181.5,353743,41181.5
2014-05-30,42174.3984375,40447.69921875,41095.19921875,42001.69921875,719117,42001.69921875
2014-06-02,42735.5,40577.19921875,41483.69921875,40620.3984375,1315956,40620.3984375
2014-06-03,40749.8984375,39627.5,40404.5,40016.0,579582,40016.0
2014-06-05,40361.3984375,39282.19921875,39972.80078125,39454.80078125,407271,39454.80078125
2014-06-09,40059.19921875,39368.5,39541.19921875,39411.69921875,319945,39411.69921875
2014-06-10,41008.8984375,39282.19921875,39282.19921875,41008.8984375,423281,41008.8984375
2014-06-11,40879.3984375,40145.5,40749.8984375,40231.80078125,352468,40231.80078125
2014-06-12,41095.19921875,39843.30078125,40361.3984375,40965.69921875,378414,40965.69921875
2014-06-13,41354.19921875,40534.0,40706.69921875,41095.19921875,417530,41095.19921875
2014-06-16,41224.69921875,40706.69921875,41138.3984375,40706.69921875,252699,40706.69921875
2014-06-17,41095.19921875,40404.5,40706.69921875,40879.3984375,287907,40879.3984375
2014-06-18,41267.8984375,40706.69921875,40922.5,40749.8984375,298168,40749.8984375
2014-06-19,41008.8984375,39757.0,40620.3984375,39843.30078125,447878,39843.30078125
2014-06-20,40016.0,38721.0,39800.19921875,38721.0,665784,38721.0
2014-06-23,38936.80078125,37685.0,38677.80078125,37987.19921875,541191,37987.19921875
2014-06-24,39066.30078125,37296.5,37987.19921875,38850.5,615884,38850.5
2014-06-25,39584.30078125,38418.80078125,38893.69921875,38721.0,481985,38721.0
2014-06-26,39195.80078125,38677.80078125,38677.80078125,38807.30078125,204713,38807.30078125
2014-06-27,39713.80078125,38893.69921875,38893.69921875,39282.19921875,283610,39282.19921875
2014-06-30,40836.19921875,39368.5,39843.30078125,40188.69921875,613182,40188.69921875
2014-07-01,40577.19921875,39843.30078125,40188.69921875,40361.3984375,367973,40361.3984375
2014-07-02,40922.5,40102.30078125,40706.69921875,40577.19921875,555477,40577.19921875
2014-07-03,39195.80078125,37382.80078125,37987.19921875,38936.80078125,2085893,38936.80078125
2014-07-04,40188.69921875,38418.80078125,39066.30078125,40188.69921875,1267561,40188.69921875
2014-07-07,40404.5,39541.19921875,40275.0,39627.5,444812,39627.5
2014-07-08,39498.0,38936.80078125,39325.30078125,38936.80078125,449516,38936.80078125
2014-07-09,39843.30078125,38548.30078125,39325.30078125,38721.0,419466,38721.0
2014-07-10,38980.0,38462.0,38591.5,38721.0,372219,38721.0
2014-07-11,38677.80078125,37641.80078125,38591.5,37641.80078125,653103,37641.80078125
2014-07-14,38246.19921875,37426.0,37555.5,37641.80078125,402669,37641.80078125
2014-07-15,37900.80078125,37469.1015625,37857.69921875,37469.1015625,366091,37469.1015625
2014-07-16,38246.19921875,37253.30078125,37253.30078125,37728.1015625,428523,37728.1015625
2014-07-17,38030.30078125,37123.80078125,37987.19921875,37210.1015625,403537,37210.1015625
2014-07-18,37296.5,36433.1015625,36821.6015625,36562.6015625,570690,36562.6015625
2014-07-21,37080.6015625,35267.6015625,36519.5,36605.80078125,1414747,36605.80078125
2014-07-22,36951.1015625,36260.5,36390.0,36346.80078125,331912,36346.80078125
2014-07-23,38591.5,36519.5,36519.5,37037.5,1162681,37037.5
2014-07-24,37512.30078125,36692.1015625,37123.80078125,36692.1015625,328727,36692.1015625
2014-07-25,36908.0,36346.80078125,36778.5,36390.0,350304,36390.0
2014-07-28,36476.30078125,35742.5,36390.0,35742.5,541023,35742.5
2014-07-29,36217.30078125,35354.0,35742.5,35742.5,551962,35742.5
2014-07-30,35915.1015625,35354.0,35656.1015625,35526.6015625,429742,35526.6015625
2014-07-31,35785.6015625,34274.80078125,35526.6015625,34404.30078125,946907,34404.30078125
2014-08-01,35051.80078125,33584.1015625,33713.6015625,34533.80078125,513659,34533.80078125
2014-08-04,35872.0,34231.6015625,34274.80078125,34965.3984375,853067,34965.3984375
2014-08-05,39713.80078125,34879.1015625,35008.6015625,37944.0,3619026,37944.0
2014-08-06,38073.5,35828.80078125,37900.80078125,35828.80078125,1519892,35828.80078125
2014-08-07,36735.30078125,34792.80078125,35958.30078125,34879.1015625,1056844,34879.1015625
2014-08-08,35310.80078125,34188.3984375,34533.80078125,34274.80078125,994670,34274.80078125
2014-08-11,36864.80078125,34317.8984375,34317.8984375,35094.8984375,1403922,35094.8984375
2014-08-12,35613.0,34490.6015625,35483.5,34533.80078125,607836,34533.80078125
2014-08-13,35354.0,34447.3984375,34447.3984375,35354.0,576585,35354.0
2014-08-14,35872.0,35224.3984375,35483.5,35785.6015625,485449,35785.6015625
2014-08-18,36821.6015625,35224.3984375,36131.0,36087.80078125,990423,36087.80078125
2014-08-19,36519.5,35526.6015625,36390.0,35526.6015625,521455,35526.6015625
2014-08-20,35699.30078125,34835.8984375,35526.6015625,34965.3984375,459827,34965.3984375
2014-08-21,35354.0,34663.30078125,35051.80078125,34663.30078125,394362,34663.30078125
2014-08-22,34922.30078125,34490.6015625,34663.30078125,34706.3984375,384646,34706.3984375
2014-08-25,35526.6015625,34620.1015625,34620.1015625,34835.8984375,350279,34835.8984375
2014-08-26,35354.0,34879.1015625,35181.30078125,35310.80078125,341852,35310.80078125
2014-08-27,36476.30078125,35440.30078125,35526.6015625,36044.6015625,771899,36044.6015625
2014-08-28,36174.1015625,35699.30078125,36131.0,35785.6015625,371343,35785.6015625
2014-08-29,36044.6015625,35613.0,35872.0,35958.30078125,419003,35958.30078125
2014-09-01,36217.30078125,35483.5,36174.1015625,35483.5,328266,35483.5
2014-09-02,35915.1015625,35267.6015625,35526.6015625,35440.30078125,241965,35440.30078125
2014-09-03,35742.5,35310.80078125,35699.30078125,35354.0,299998,35354.0
2014-09-04,37210.1015625,35051.80078125,35224.3984375,36908.0,1231930,36908.0
2014-09-05,37641.80078125,36476.30078125,37512.30078125,36908.0,807797,36908.0
2014-09-11,37641.80078125,36778.5,36908.0,37426.0,553846,37426.0
2014-09-12,39498.0,37728.1015625,37771.30078125,39195.80078125,1940227,39195.80078125
2014-09-15,39411.69921875,38159.80078125,39325.30078125,38159.80078125,705358,38159.80078125
2014-09-16,39152.69921875,38030.30078125,38375.69921875,38030.30078125,511349,38030.30078125
2014-09-17,38980.0,37555.5,38246.19921875,38721.0,590749,38721.0
2014-09-18,39325.30078125,38246.19921875,39066.30078125,38505.19921875,369459,38505.19921875
2014-09-19,38893.69921875,38332.5,38505.19921875,38462.0,354820,38462.0
2014-09-22,38159.80078125,37080.6015625,38159.80078125,37167.0,704903,37167.0
2014-09-23,39325.30078125,37080.6015625,37210.1015625,39325.30078125,1321738,39325.30078125
2014-09-24,40749.8984375,39109.5,39498.0,40447.69921875,1570947,40447.69921875
2014-09-25,41095.19921875,39886.5,40663.5,40188.69921875,815494,40188.69921875
2014-09-26,40965.69921875,39929.69921875,40577.19921875,40318.19921875,634285,40318.19921875
2014-09-29,41224.69921875,39843.30078125,40404.5,40059.19921875,822317,40059.19921875
2014-09-30,42260.69921875,40577.19921875,40663.5,42260.69921875,1211842,42260.69921875
2014-10-01,42606.0,41267.8984375,42390.19921875,41440.5,976454,41440.5
2014-10-02,41872.19921875,40749.8984375,41181.5,41311.0,493584,41311.0
2014-10-06,42260.69921875,40922.5,41829.0,41915.3984375,624510,41915.3984375
2014-10-07,41872.19921875,37555.5,41570.0,37728.1015625,2555861,37728.1015625
2014-10-08,38375.69921875,36951.1015625,37598.6015625,36951.1015625,903163,36951.1015625
2014-10-10,37900.80078125,36217.30078125,37037.5,36519.5,820044,36519.5
2014-10-13,36864.80078125,35094.8984375,36087.80078125,35656.1015625,735284,35656.1015625
2014-10-14,37426.0,35785.6015625,35828.80078125,37123.80078125,574632,37123.80078125
2014-10-15,37426.0,36131.0,37382.80078125,36303.6015625,401969,36303.6015625
2014-10-16,36605.80078125,35310.80078125,35915.1015625,36131.0,450378,36131.0
2014-10-17,36433.1015625,35354.0,36346.80078125,35742.5,458816,35742.5
2014-10-20,36778.5,35828.80078125,36174.1015625,36778.5,386200,36778.5
2014-10-21,37037.5,35872.0,36778.5,35872.0,348265,35872.0
2014-10-22,36476.30078125,35699.30078125,36346.80078125,36044.6015625,427340,36044.6015625
2014-10-23,36303.6015625,35915.1015625,36044.6015625,35915.1015625,314630,35915.1015625
2014-10-24,36260.5,35397.1015625,36260.5,35483.5,358043,35483.5
2014-10-27,35828.80078125,35138.1015625,35656.1015625,35310.80078125,375843,35310.80078125
2014-10-28,35526.6015625,35138.1015625,35181.30078125,35526.6015625,308174,35526.6015625
2014-10-29,36217.30078125,35440.30078125,35483.5,35958.30078125,435257,35958.30078125
2014-10-30,36131.0,35440.30078125,36087.80078125,35742.5,268898,35742.5
2014-10-31,36217.30078125,35699.30078125,35828.80078125,36217.30078125,307318,36217.30078125
2014-11-03,36390.0,35569.80078125,36174.1015625,35958.30078125,310971,35958.30078125
2014-11-04,37944.0,36044.6015625,36044.6015625,36303.6015625,813588,36303.6015625
2014-11-05,37685.0,36476.30078125,36519.5,37555.5,725399,37555.5
2014-11-06,37598.6015625,36692.1015625,37382.80078125,36778.5,390070,36778.5
2014-11-07,37555.5,36951.1015625,37123.80078125,37210.1015625,283671,37210.1015625
2014-11-10,37555.5,36908.0,37555.5,37123.80078125,335223,37123.80078125
2014-11-11,38203.0,37210.1015625,37641.80078125,37253.30078125,535513,37253.30078125
2014-11-12,37771.30078125,36390.0,37598.6015625,36908.0,699310,36908.0
2014-11-13,37296.5,36692.1015625,36908.0,36692.1015625,302710,36692.1015625
2014-11-14,37167.0,35915.1015625,36605.80078125,35915.1015625,445817,35915.1015625
2014-11-17,36174.1015625,34749.6015625,35915.1015625,34749.6015625,748399,34749.6015625
2014-11-18,35310.80078125,34361.1015625,34533.80078125,34490.6015625,904692,34490.6015625
2014-11-19,35699.30078125,34447.3984375,34620.1015625,35224.3984375,798126,35224.3984375
2014-11-20,35440.30078125,34533.80078125,35354.0,34706.3984375,412901,34706.3984375
2014-11-21,35008.6015625,34576.8984375,34792.80078125,34965.3984375,352023,34965.3984375
2014-11-24,35138.1015625,34447.3984375,35008.6015625,34749.6015625,511171,34749.6015625
2014-11-25,34965.3984375,34576.8984375,34620.1015625,34576.8984375,413353,34576.8984375
2014-11-26,34792.80078125,34231.6015625,34663.30078125,34231.6015625,607495,34231.6015625
2014-11-27,35915.1015625,33756.80078125,34188.3984375,34404.30078125,1289043,34404.30078125
2014-11-28,34922.30078125,34317.8984375,34533.80078125,34404.30078125,503545,34404.30078125
2014-12-01,34922.30078125,34447.3984375,34663.30078125,34879.1015625,508118,34879.1015625
2014-12-02,35138.1015625,34663.30078125,35138.1015625,34706.3984375,252574,34706.3984375
2014-12-03,34965.3984375,34620.1015625,34706.3984375,34620.1015625,233343,34620.1015625
2014-12-04,35699.30078125,34749.6015625,34835.8984375,35310.80078125,719966,35310.80078125
2014-12-05,35613.0,34965.3984375,35613.0,35094.8984375,322434,35094.8984375
2014-12-08,35094.8984375,34447.3984375,34922.30078125,34533.80078125,591603,34533.80078125
2014-12-09,34749.6015625,33799.8984375,34490.6015625,33799.8984375,570325,33799.8984375
2014-12-10,33929.3984375,32375.400390625,33670.3984375,32850.30078125,930434,32850.30078125
2014-12-11,33540.8984375,32548.099609375,32634.400390625,32548.099609375,396610,32548.099609375
2014-12-12,32979.80078125,32159.599609375,32763.900390625,32548.099609375,289415,32548.099609375
2014-12-15,33238.80078125,32202.69921875,32245.900390625,33238.80078125,296147,33238.80078125
2014-12-16,34620.1015625,32893.3984375,33195.6015625,34317.8984375,651959,34317.8984375
2014-12-17,34663.30078125,33411.3984375,34317.8984375,33411.3984375,293229,33411.3984375
2014-12-18,33756.80078125,32504.900390625,33411.3984375,32893.3984375,417265,32893.3984375
2014-12-19,33843.1015625,32893.3984375,33022.8984375,33281.8984375,370165,33281.8984375
2014-12-22,34361.1015625,33325.1015625,33325.1015625,34231.6015625,387472,34231.6015625
2014-12-23,35008.6015625,33756.80078125,34447.3984375,34102.1015625,356134,34102.1015625
2014-12-24,34663.30078125,34058.8984375,34447.3984375,34274.80078125,265460,34274.80078125
2014-12-26,34922.30078125,34058.8984375,34533.80078125,34058.8984375,572102,34058.8984375
2014-12-29,35353.8984375,34628.69921875,34991.30078125,35127.30078125,296412,35127.30078125
2014-12-30,35218.0,34719.3984375,35127.30078125,35218.0,147511,35218.0
2015-01-02,35807.19921875,35218.0,35399.30078125,35489.8984375,231304,35489.8984375
2015-01-05,35535.30078125,35036.69921875,35353.8984375,35308.6015625,186401,35308.6015625
2015-01-06,35082.0,34356.80078125,34900.69921875,34674.1015625,299168,34674.1015625
2015-01-07,34764.69921875,34356.80078125,34538.1015625,34356.80078125,187496,34356.80078125
2015-01-08,35172.6015625,34356.80078125,34583.3984375,34538.1015625,248391,34538.1015625
2015-01-09,35263.30078125,34538.1015625,35036.69921875,34810.0,298455,34810.0
2015-01-12,35263.30078125,34810.0,34946.0,34900.69921875,241663,34900.69921875
2015-01-13,37121.6015625,34900.69921875,35082.0,35988.5,1351906,35988.5
2015-01-14,36985.69921875,36215.1015625,36441.80078125,36487.1015625,622417,36487.1015625
2015-01-15,37438.8984375,36623.1015625,36849.69921875,37302.8984375,638149,37302.8984375
2015-01-16,37710.8984375,36623.1015625,37574.8984375,36668.3984375,392318,36668.3984375
2015-01-19,37937.5,36895.0,37529.6015625,36895.0,457746,36895.0
2015-01-20,37167.0,36169.80078125,36895.0,36668.3984375,377258,36668.3984375
2015-01-21,37031.0,35943.19921875,36804.3984375,36215.1015625,386918,36215.1015625
2015-01-22,36351.1015625,35489.8984375,36033.80078125,35580.6015625,320936,35580.6015625
2015-01-23,36623.1015625,35807.19921875,35988.5,36623.1015625,404121,36623.1015625
2015-01-26,37121.6015625,36124.5,36668.3984375,36260.5,337073,36260.5
2015-01-27,36577.69921875,35535.30078125,36351.1015625,35807.19921875,366167,35807.19921875
2015-01-28,35943.19921875,35444.6015625,35535.30078125,35897.8984375,247179,35897.8984375
2015-01-29,36759.0,35807.19921875,35852.5,36351.1015625,371156,36351.1015625
2015-01-30,38300.1015625,36305.80078125,36940.30078125,36895.0,1355258,36895.0
2015-02-02,37665.6015625,36577.69921875,37076.30078125,37620.19921875,437584,37620.19921875
2015-02-03,38980.0,37302.8984375,37665.6015625,38889.30078125,1134455,38889.30078125
2015-02-04,39433.30078125,38390.80078125,38889.30078125,38436.1015625,708481,38436.1015625
2015-02-05,38844.0,38073.5,38753.3984375,38436.1015625,431894,38436.1015625
2015-02-06,43784.5,41155.6015625,43512.6015625,42696.69921875,5369671,42696.69921875
2015-02-09,46504.0,42243.3984375,42651.3984375,44691.0,4477340,44691.0
2015-02-10,46866.6015625,43014.0,45325.6015625,44237.80078125,3076205,44237.80078125
2015-02-11,45869.5,44691.0,45098.8984375,44963.0,1843622,44963.0
2015-02-12,46050.80078125,43557.8984375,45280.30078125,45778.80078125,1955325,45778.80078125
2015-02-13,52577.69921875,46232.1015625,46232.1015625,52577.69921875,6938637,52577.69921875
2015-02-16,60464.30078125,53756.1015625,54753.30078125,60464.30078125,7545661,60464.30078125
2015-02-17,64724.8984375,57472.80078125,63002.6015625,58741.8984375,10517424,58741.8984375
2015-02-23,67444.5,59920.3984375,61008.19921875,66719.203125,8490394,66719.203125
2015-02-24,68622.8984375,63909.1015625,66084.703125,65268.80078125,6292368,65268.80078125
2015-02-25,66628.6015625,60645.6015625,66356.6015625,61461.5,5711017,61461.5
2015-02-26,61824.1015625,58016.69921875,60283.0,60555.0,7381037,60555.0
2015-02-27,62639.8984375,59376.5,61008.19921875,59376.5,3710322,59376.5
2015-03-02,59920.3984375,56385.0,58470.0,56475.69921875,3098250,56475.69921875
2015-03-03,61098.8984375,57472.80078125,58107.3984375,58560.6015625,4634051,58560.6015625
2015-03-04,62730.6015625,58016.69921875,58470.0,59648.5,4729607,59648.5
2015-03-05,61008.19921875,57654.1015625,60283.0,58379.30078125,2695438,58379.30078125
2015-03-06,63002.6015625,58016.69921875,58923.19921875,63002.6015625,4585943,63002.6015625
2015-03-09,65178.19921875,60736.30078125,64362.30078125,61280.19921875,3577123,61280.19921875
2015-03-10,61642.80078125,58741.8984375,60917.6015625,59104.6015625,2281526,59104.6015625
2015-03-11,61370.80078125,58741.8984375,60011.1015625,58832.6015625,2034985,58832.6015625
2015-03-12,60101.69921875,56928.8984375,58832.6015625,59648.5,2267040,59648.5
2015-03-13,62005.3984375,59739.1015625,60555.0,60464.30078125,2060328,60464.30078125
2015-03-16,62549.30078125,60555.0,61552.1015625,61824.1015625,1953374,61824.1015625
2015-03-17,63093.19921875,61189.5,62911.8984375,61461.5,1609235,61461.5
2015-03-18,62911.8984375,58016.69921875,61552.1015625,58741.8984375,2706071,58741.8984375
2015-03-19,61642.80078125,57382.19921875,59285.8984375,61642.80078125,2228021,61642.80078125
2015-03-20,63274.5,59467.19921875,61370.80078125,60736.30078125,2455104,60736.30078125
2015-03-23,61824.1015625,59829.80078125,61098.8984375,60192.3984375,1029663,60192.3984375
2015-03-24,61280.19921875,59557.80078125,60283.0,60011.1015625,834796,60011.1015625
2015-03-25,68985.5,60373.69921875,60736.30078125,68985.5,6456698,68985.5
2015-03-26,69257.5,62730.6015625,67988.3984375,63637.1015625,7218461,63637.1015625
2015-03-27,65359.5,62549.30078125,63274.5,63637.1015625,2859997,63637.1015625
2015-03-30,64815.6015625,62096.0,64634.30078125,62096.0,1657828,62096.0
2015-03-31,65268.80078125,62005.3984375,62639.8984375,63365.19921875,2429101,63365.19921875
2015-04-01,63909.1015625,62096.0,62911.8984375,62911.8984375,1203347,62911.8984375
2015-04-02,66266.0,62639.8984375,63365.19921875,64362.30078125,2722045,64362.30078125
2015-04-03,65087.5,63183.8984375,63727.80078125,65087.5,1238928,65087.5
2015-04-06,66084.703125,64090.3984375,64906.19921875,65087.5,1233934,65087.5
2015-04-07,71977.0,66447.296875,66628.6015625,68441.6015625,5763558,68441.6015625
2015-04-08,68894.8984375,65359.5,67081.8984375,67716.3984375,2747656,67716.3984375
2015-04-09,68441.6015625,66628.6015625,67897.703125,66628.6015625,1283229,66628.6015625
2015-04-10,73336.796875,68441.6015625,71977.0,68532.296875,3495949,68532.296875
2015-04-13,78775.8984375,69892.0,70707.8984375,78775.8984375,8386049,78775.8984375
2015-04-14,88294.203125,77778.703125,79773.0,83217.796875,10984181,83217.796875
2015-04-15,85302.703125,81314.1015625,83217.796875,83671.0,3464597,83671.0
2015-04-16,84758.796875,78413.203125,83671.0,79229.1015625,4455819,79229.1015625
2015-04-17,82945.796875,75784.3984375,81858.0,79319.796875,6782280,79319.796875
2015-04-20,79954.296875,76781.5,78775.8984375,76962.796875,2682705,76962.796875
2015-04-21,80498.203125,77053.5,77416.1015625,77688.0,2576193,77688.0
2015-04-22,80860.796875,73246.1015625,78141.296875,76962.796875,3900730,76962.796875
2015-04-23,77597.3984375,72974.203125,76872.203125,73246.1015625,2696500,73246.1015625
2015-04-24,75331.1015625,71342.5,73064.796875,73971.296875,2770410,73971.296875
2015-04-27,75875.0,73790.0,74062.0,74243.296875,1163876,74243.296875
2015-04-28,81223.3984375,72974.203125,74152.6015625,78413.203125,4567985,78413.203125
2015-04-29,79229.1015625,76237.6015625,78503.8984375,77325.3984375,1514701,77325.3984375
2015-04-30,79773.0,74877.8984375,76962.796875,77688.0,2173124,77688.0
2015-05-04,79229.1015625,76600.203125,76781.5,77144.1015625,860680,77144.1015625
2015-05-06,78503.8984375,76690.8984375,77144.1015625,76690.8984375,874792,76690.8984375
2015-05-07,76872.203125,73971.296875,76418.8984375,74968.5,1220040,74968.5
2015-05-08,77869.296875,75693.703125,77234.796875,75693.703125,1405750,75693.703125
2015-05-11,75875.0,74243.296875,75331.1015625,74333.8984375,1068130,74333.8984375
2015-05-12,75331.1015625,72974.203125,74152.6015625,72974.203125,910249,72974.203125
2015-05-13,76237.6015625,70164.0,72974.203125,74152.6015625,2595593,74152.6015625
2015-05-14,76781.5,72702.203125,73699.3984375,74152.6015625,1760412,74152.6015625
2015-05-15,77234.796875,75149.796875,75784.3984375,75421.796875,1794266,75421.796875
2015-05-18,76328.296875,73790.0,76147.0,73971.296875,1252420,73971.296875
2015-05-19,75512.3984375,72702.203125,74062.0,73336.796875,1492445,73336.796875
2015-05-20,74152.6015625,70526.6015625,73246.1015625,72430.296875,2303582,72430.296875
2015-05-21,75512.3984375,71523.796875,74243.296875,71523.796875,2527786,71523.796875
2015-05-22,72430.296875,69982.703125,71342.5,70254.6015625,1395670,70254.6015625
2015-05-26,69801.3984375,64453.0,69438.796875,64906.19921875,3054049,64906.19921875
2015-05-27,66447.296875,62458.6015625,65540.796875,63999.69921875,2558369,63999.69921875
2015-05-28,66809.8984375,63274.5,64271.69921875,64815.6015625,2172547,64815.6015625
2015-05-29,65722.1015625,62549.30078125,64815.6015625,62549.30078125,1585573,62549.30078125
2015-06-01,65268.80078125,62549.30078125,62911.8984375,64090.3984375,1449582,64090.3984375
2015-06-02,65540.796875,62639.8984375,65540.796875,63093.19921875,1076100,63093.19921875
2015-06-03,63365.19921875,59195.19921875,62639.8984375,59195.19921875,1814934,59195.19921875
2015-06-04,61642.80078125,59195.19921875,59285.8984375,61642.80078125,1206832,61642.80078125
2015-06-05,68351.0,61189.5,61461.5,65540.796875,3492957,65540.796875
2015-06-08,72249.0,67081.8984375,68079.0,72067.703125,3731970,72067.703125
2015-06-09,74152.6015625,70073.296875,72520.8984375,70617.203125,2118793,70617.203125
2015-06-10,70617.203125,67081.8984375,70435.8984375,68079.0,2000268,68079.0
2015-06-11,70707.8984375,67353.796875,69801.3984375,67353.796875,1617990,67353.796875
2015-06-12,68985.5,66447.296875,67353.796875,67353.796875,1166002,67353.796875
2015-06-15,69166.796875,66719.203125,66991.203125,68079.0,839152,68079.0
2015-06-16,68532.296875,65087.5,68169.703125,65994.0,998390,65994.0
2015-06-17,75331.1015625,65450.1015625,66084.703125,71705.1015625,3709368,71705.1015625
2015-06-18,76056.296875,72067.703125,73427.3984375,72611.6015625,2553857,72611.6015625
2015-06-19,73971.296875,71161.203125,73427.3984375,72611.6015625,1170716,72611.6015625
2015-06-22,80135.6015625,75875.0,75965.703125,76872.203125,3696579,76872.203125
2015-06-23,78685.203125,74605.8984375,78413.203125,75059.203125,2009683,75059.203125
2015-06-24,75693.703125,73971.296875,75149.796875,75240.5,1202424,75240.5
2015-06-25,76600.203125,74062.0,75240.5,74062.0,1032439,74062.0
2015-06-26,74968.5,71977.0,74152.6015625,72067.703125,1549111,72067.703125
2015-06-29,73608.703125,69892.0,70345.296875,71251.796875,1322956,71251.796875
2015-06-30,72249.0,69438.796875,71342.5,70707.8984375,1066421,70707.8984375
2015-07-01,75149.796875,70345.296875,70889.203125,74333.8984375,1586154,74333.8984375
2015-07-02,76056.296875,73880.703125,75059.203125,74968.5,1221458,74968.5
2015-07-03,74787.203125,72520.8984375,74787.203125,72792.8984375,1126404,72792.8984375
2015-07-06,74605.8984375,71161.203125,71614.3984375,71251.796875,1388069,71251.796875
2015-07-07,77053.5,71523.796875,74787.203125,73427.3984375,3658431,73427.3984375
2015-07-08,73699.3984375,69529.3984375,72883.5,70073.296875,1597913,70073.296875
2015-07-09,70254.6015625,66991.203125,68985.5,69801.3984375,1327876,69801.3984375
2015-07-10,71433.1015625,68894.8984375,70707.8984375,68985.5,844641,68985.5
2015-07-13,72249.0,67897.703125,67988.3984375,71161.203125,1168040,71161.203125
2015-07-14,73064.796875,70707.8984375,72611.6015625,70798.6015625,718731,70798.6015625
2015-07-15,75965.703125,71342.5,71977.0,75240.5,3160699,75240.5
2015-07-16,77597.3984375,74515.203125,76600.203125,75331.1015625,1839546,75331.1015625
2015-07-17,77234.796875,74333.8984375,76781.5,75240.5,1695111,75240.5
2015-07-20,75603.1015625,73699.3984375,75603.1015625,74152.6015625,781837,74152.6015625
2015-07-21,75331.1015625,72883.5,74696.6015625,73336.796875,767615,73336.796875
2015-07-22,74605.8984375,72339.6015625,73427.3984375,74062.0,976627,74062.0
2015-07-23,74515.203125,72792.8984375,74333.8984375,72974.203125,598645,72974.203125
2015-07-24,75331.1015625,72430.296875,73064.796875,74152.6015625,883675,74152.6015625
2015-07-27,74787.203125,71705.1015625,74243.296875,71705.1015625,1053364,71705.1015625
2015-07-28,71795.703125,69348.1015625,70617.203125,70979.8984375,806647,70979.8984375
2015-07-29,72611.6015625,69076.203125,71161.203125,69076.203125,831007,69076.203125
2015-07-30,71614.3984375,68169.703125,69348.1015625,69257.5,872194,69257.5
2015-07-31,70707.8984375,68713.6015625,69076.203125,70617.203125,478976,70617.203125
2015-08-03,71251.796875,69710.703125,70617.203125,69710.703125,394681,69710.703125
2015-08-04,72974.203125,69076.203125,69166.796875,72974.203125,1017781,72974.203125
2015-08-05,76418.8984375,74152.6015625,74877.8984375,75240.5,2489291,75240.5
2015-08-06,76781.5,74787.203125,75240.5,76418.8984375,1333349,76418.8984375
2015-08-07,75512.3984375,74062.0,75421.796875,74424.6015625,858669,74424.6015625
2015-08-10,76418.8984375,74152.6015625,74696.6015625,76147.0,1006353,76147.0
2015-08-11,77688.0,72974.203125,77597.3984375,72974.203125,1261357,72974.203125
2015-08-12,73880.703125,71251.796875,72067.703125,73518.1015625,1043446,73518.1015625
2015-08-13,74787.203125,72974.203125,73155.5,73699.3984375,568092,73699.3984375
2015-08-14,73699.3984375,73699.3984375,73699.3984375,73699.3984375,0,73699.3984375
2015-08-17,73427.3984375,71977.0,72249.0,72067.703125,726841,72067.703125
2015-08-18,73064.796875,70435.8984375,72702.203125,70435.8984375,720926,70435.8984375
2015-08-19,70345.296875,64996.8984375,70073.296875,66719.203125,1752559,66719.203125
2015-08-20,67081.8984375,63455.80078125,66447.296875,63546.5,1720123,63546.5
2015-08-21,61642.80078125,57835.3984375,60192.3984375,58923.19921875,2628810,58923.19921875
2015-08-24,59829.80078125,55750.5,58470.0,55931.80078125,2161689,55931.80078125
2015-08-25,63999.69921875,55659.80078125,57654.1015625,63909.1015625,3045538,63909.1015625
2015-08-26,65178.19921875,62639.8984375,63002.6015625,64906.19921875,1384331,64906.19921875
2015-08-27,67988.3984375,64815.6015625,66175.296875,64906.19921875,1255082,64906.19921875
2015-08-28,66900.6015625,64906.19921875,66900.6015625,65722.1015625,721486,65722.1015625
2015-08-31,65903.3984375,63909.1015625,65812.703125,64362.30078125,927308,64362.30078125
2015-09-01,65359.5,63274.5,63546.5,63727.80078125,571570,63727.80078125
2015-09-02,64362.30078125,61914.69921875,62458.6015625,64362.30078125,697472,64362.30078125
2015-09-03,65087.5,62549.30078125,64634.30078125,62821.19921875,678248,62821.19921875
2015-09-04,63455.80078125,60101.69921875,62821.19921875,60736.30078125,740016,60736.30078125
2015-09-07,63455.80078125,59467.19921875,60373.69921875,61280.19921875,593055,61280.19921875
2015-09-08,61824.1015625,59195.19921875,60645.6015625,59467.19921875,536332,59467.19921875
2015-09-09,63727.80078125,60917.6015625,61370.80078125,63274.5,783230,63274.5
2015-09-10,62911.8984375,61461.5,62096.0,62911.8984375,544331,62911.8984375
2015-09-11,67263.203125,63637.1015625,64271.69921875,64815.6015625,1302598,64815.6015625
2015-09-14,65359.5,63002.6015625,64996.8984375,63546.5,462082,63546.5
2015-09-15,64996.8984375,63002.6015625,63727.80078125,64271.69921875,383124,64271.69921875
2015-09-16,65450.1015625,63727.80078125,65087.5,64453.0,452696,64453.0
2015-09-17,65178.19921875,62096.0,65178.19921875,62096.0,710860,62096.0
2015-09-18,65540.796875,63093.19921875,63183.8984375,65087.5,1015588,65087.5
2015-09-21,66175.296875,64815.6015625,65268.80078125,65087.5,648458,65087.5
2015-09-22,65178.19921875,63909.1015625,65087.5,64543.6015625,416286,64543.6015625
2015-09-23,64724.8984375,63183.8984375,63727.80078125,63274.5,508211,63274.5
2015-09-24,65359.5,63818.3984375,64271.69921875,63818.3984375,417850,63818.3984375
2015-09-25,65540.796875,63274.5,64996.8984375,63365.19921875,504343,63365.19921875
2015-09-30,63093.19921875,60917.6015625,62730.6015625,61552.1015625,763926,61552.1015625
2015-10-01,62639.8984375,61370.80078125,62368.0,61733.3984375,501883,61733.3984375
2015-10-02,65087.5,61914.69921875,62186.69921875,63455.80078125,857702,63455.80078125
2015-10-05,64906.19921875,63002.6015625,64453.0,63183.8984375,475174,63183.8984375
2015-10-06,64362.30078125,63365.19921875,64362.30078125,63637.1015625,399897,63637.1015625
2015-10-07,64634.30078125,62639.8984375,63909.1015625,63002.6015625,518391,63002.6015625
2015-10-08,64453.0,63002.6015625,63818.3984375,63455.80078125,430393,63455.80078125
2015-10-12,63455.80078125,62549.30078125,63002.6015625,62730.6015625,326243,62730.6015625
2015-10-13,65268.80078125,62911.8984375,62911.8984375,65268.80078125,805019,65268.80078125
2015-10-14,65812.703125,64362.30078125,65722.1015625,64724.8984375,510923,64724.8984375
2015-10-15,65450.1015625,64181.0,64815.6015625,64724.8984375,334644,64724.8984375
2015-10-16,67353.796875,65722.1015625,65812.703125,66991.203125,1139302,66991.203125
2015-10-19,70345.296875,66537.8984375,67172.5,70345.296875,1491630,70345.296875
2015-10-20,70979.8984375,69438.796875,70345.296875,70254.6015625,709640,70254.6015625
2015-10-21,72430.296875,70254.6015625,70707.8984375,70254.6015625,798524,70254.6015625
2015-10-22,70345.296875,68260.296875,69710.703125,68260.296875,653564,68260.296875
2015-10-23,71070.5,69076.203125,69801.3984375,70707.8984375,778680,70707.8984375
2015-10-26,71614.3984375,69438.796875,70707.8984375,70889.203125,629764,70889.203125
2015-10-27,71251.796875,68169.703125,71251.796875,68894.8984375,886866,68894.8984375
2015-10-28,76418.8984375,66175.296875,67625.796875,72158.296875,3956536,72158.296875
2015-10-29,72158.296875,69892.0,71614.3984375,69892.0,982723,69892.0
2015-10-30,71886.3984375,68894.8984375,70526.6015625,69801.3984375,699937,69801.3984375
2015-11-02,69892.0,68441.6015625,69257.5,68532.296875,413873,68532.296875
2015-11-03,70254.6015625,68441.6015625,69348.1015625,68713.6015625,448083,68713.6015625
2015-11-04,68985.5,67535.1015625,68622.8984375,68894.8984375,521178,68894.8984375
2015-11-05,69438.796875,68622.8984375,68985.5,68894.8984375,446505,68894.8984375
2015-11-06,70889.203125,68622.8984375,70435.8984375,69166.796875,911442,69166.796875
2015-11-09,70435.8984375,67081.8984375,69257.5,69801.3984375,897329,69801.3984375
2015-11-10,71886.3984375,68532.296875,70617.203125,68713.6015625,1192068,68713.6015625
2015-11-11,72520.8984375,68532.296875,68804.203125,72430.296875,2208857,72430.296875
2015-11-12,76147.0,73608.703125,74062.0,73880.703125,3012253,73880.703125
2015-11-13,75512.3984375,73427.3984375,74333.8984375,75059.203125,1337513,75059.203125
2015-11-16,75875.0,74062.0,74333.8984375,74424.6015625,968027,74424.6015625
2015-11-17,78050.6015625,74605.8984375,75603.1015625,78050.6015625,1762796,78050.6015625
2015-11-18,81586.0,77234.796875,78231.8984375,80860.796875,2831586,80860.796875
2015-11-19,84940.1015625,81223.3984375,82673.8984375,82220.6015625,2744288,82220.6015625
2015-11-20,83399.1015625,81314.1015625,82039.296875,82855.203125,1151767,82855.203125
2015-11-23,83761.703125,80498.203125,83308.3984375,82220.6015625,1462882,82220.6015625
2015-11-24,82401.8984375,80498.203125,82220.6015625,81948.6015625,1087823,81948.6015625
2015-11-25,82401.8984375,79863.703125,82039.296875,79863.703125,1008566,79863.703125
2015-11-26,80679.5,79501.1015625,79954.296875,79773.0,853631,79773.0
2015-11-27,80498.203125,78775.8984375,80135.6015625,79319.796875,646662,79319.796875
2015-11-30,79591.703125,77144.1015625,79138.5,78231.8984375,1319092,78231.8984375
2015-12-01,79682.3984375,77416.1015625,78050.6015625,79319.796875,957607,79319.796875
2015-12-02,80588.8984375,78231.8984375,79319.796875,78231.8984375,886644,78231.8984375
2015-12-03,79682.3984375,77688.0,78231.8984375,79591.703125,595814,79591.703125
2015-12-04,79229.1015625,78413.203125,78594.6015625,78594.6015625,505936,78594.6015625
2015-12-07,79410.3984375,76056.296875,79319.796875,76056.296875,1006910,76056.296875
2015-12-08,76328.296875,72158.296875,75965.703125,73518.1015625,1622843,73518.1015625
2015-12-09,74062.0,72974.203125,72974.203125,72974.203125,599671,72974.203125
2015-12-10,74424.6015625,72611.6015625,73064.796875,73064.796875,886963,73064.796875
2015-12-11,72974.203125,70979.8984375,72249.0,71251.796875,802709,71251.796875
2015-12-14,71886.3984375,68985.5,70073.296875,70889.203125,663942,70889.203125
2015-12-15,72249.0,71161.203125,71886.3984375,71886.3984375,519773,71886.3984375
2015-12-16,73608.703125,72339.6015625,73427.3984375,72611.6015625,662335,72611.6015625
2015-12-17,73608.703125,71977.0,73246.1015625,72792.8984375,521290,72792.8984375
2015-12-18,75603.1015625,72249.0,72430.296875,75512.3984375,1001943,75512.3984375
2015-12-21,76147.0,75240.5,75965.703125,75512.3984375,630599,75512.3984375
2015-12-22,75512.3984375,73971.296875,75512.3984375,74605.8984375,904858,74605.8984375
2015-12-23,75149.796875,72974.203125,74787.203125,72974.203125,980568,72974.203125
2015-12-24,73155.5,71251.796875,72520.8984375,71342.5,1499623,71342.5
2015-12-28,71251.796875,69166.796875,70617.203125,69529.3984375,1943898,69529.3984375
2015-12-29,79178.296875,74229.703125,74416.3984375,78431.3984375,2722411,78431.3984375
2015-12-30,79365.1015625,77684.3984375,79365.1015625,78898.203125,949112,78898.203125
2016-01-04,85620.8984375,78711.5,79458.5,83286.703125,2416786,83286.703125
2016-01-05,85527.5,82913.203125,83099.8984375,84313.703125,1539415,84313.703125
2016-01-06,86367.8984375,83193.296875,84500.5,85620.8984375,1866678,85620.8984375
2016-01-07,92156.8984375,84780.6015625,88048.6015625,85620.8984375,3358068,85620.8984375
2016-01-08,90102.703125,83380.0,83473.3984375,90102.703125,2769158,90102.703125
2016-01-11,93837.5,90569.6015625,91970.1015625,92623.703125,3322314,92623.703125
2016-01-12,93557.3984375,90569.6015625,92997.203125,91316.5,1882519,91316.5
2016-01-13,98132.6015625,91409.8984375,91970.1015625,98132.6015625,2975699,98132.6015625
2016-01-14,101774.0,96265.203125,96732.0,97105.5,3390384,97105.5
2016-01-15,97665.703125,92437.0,97665.703125,92623.703125,3002152,92623.703125
2016-01-18,108964.0,95518.203125,95705.0,108964.0,5372161,108964.0
2016-01-19,110364.0,105322.0,108030.0,106723.0,3720703,106723.0
2016-01-20,112698.0,105976.0,108403.0,108683.0,3937207,108683.0
2016-01-21,111485.0,107750.0,111298.0,108777.0,1855737,108777.0
2016-01-22,110644.0,102334.0,109711.0,105509.0,2694380,105509.0
2016-01-25,106536.0,101494.0,105602.0,105696.0,2097458,105696.0
2016-01-26,109244.0,104669.0,105416.0,104669.0,1693301,104669.0
2016-01-27,105602.0,100747.0,104669.0,100934.0,2055884,100934.0
2016-01-28,104762.0,101120.0,101120.0,104015.0,1062157,104015.0
2016-01-29,105042.0,101867.0,104295.0,104669.0,942610,104669.0
2016-02-01,112512.0,107656.0,108497.0,112045.0,2277753,112045.0
2016-02-02,114006.0,110364.0,111765.0,110924.0,1430997,110924.0
2016-02-03,111951.0,108030.0,110177.0,111951.0,1285494,111951.0
2016-02-04,113726.0,110831.0,113726.0,112605.0,1221956,112605.0
2016-02-05,113165.0,111298.0,112698.0,111485.0,1296891,111485.0
2016-02-11,120448.0,105509.0,118861.0,105696.0,4670773,105696.0
2016-02-12,103175.0,90382.796875,102708.0,93370.703125,7198206,93370.703125
2016-02-15,97479.0,92437.0,94584.5,93930.8984375,2857384,93930.8984375
2016-02-16,98226.0,93744.203125,94584.5,96638.703125,2118657,96638.703125
2016-02-17,97385.6015625,92250.203125,96825.3984375,92250.203125,1580795,92250.203125
2016-02-18,98039.203125,93277.296875,94491.1015625,98039.203125,1614359,98039.203125
2016-02-19,98226.0,95238.1015625,97759.1015625,95238.1015625,1045277,95238.1015625
2016-02-22,97198.8984375,93930.8984375,95238.1015625,96078.3984375,681359,96078.3984375
2016-02-23,97479.0,93837.5,97198.8984375,94304.3984375,986885,94304.3984375
2016-02-24,94771.203125,92530.3984375,93557.3984375,93464.1015625,707335,93464.1015625
2016-02-25,94864.6015625,92343.6015625,94771.203125,92437.0,1041680,92437.0
2016-02-26,94584.5,91596.6015625,92156.8984375,93370.703125,947344,93370.703125
2016-02-29,94304.3984375,92903.796875,93837.5,93370.703125,454813,93370.703125
2016-03-02,100093.0,95424.796875,96171.796875,100093.0,2179575,100093.0
2016-03-03,103641.0,99066.296875,100840.0,102708.0,1437507,102708.0
2016-03-04,103175.0,100840.0,102054.0,101120.0,756084,101120.0
2016-03-07,104762.0,94211.0,101494.0,96265.203125,3066192,96265.203125
2016-03-08,98039.203125,95331.5,97479.0,96358.5,972394,96358.5
2016-03-09,96918.796875,94864.6015625,96358.5,94864.6015625,752416,94864.6015625
2016-03-10,98972.8984375,94864.6015625,95144.703125,98972.8984375,922046,98972.8984375
2016-03-11,98599.3984375,96732.0,98132.6015625,98039.203125,556281,98039.203125
2016-03-14,100093.0,97759.1015625,98692.796875,98972.8984375,641974,98972.8984375
2016-03-15,99626.5,98039.203125,99439.796875,98599.3984375,401126,98599.3984375
2016-03-16,102334.0,98132.6015625,98412.703125,100373.0,812801,100373.0
2016-03-17,101587.0,99439.796875,100840.0,99906.6015625,500342,99906.6015625
2016-03-18,101214.0,99533.203125,100373.0,101214.0,589371,101214.0
2016-03-21,101867.0,100187.0,101401.0,100747.0,552915,100747.0
2016-03-22,101307.0,99719.8984375,101307.0,100747.0,553633,100747.0
2016-03-23,101681.0,100000.0,100934.0,100093.0,562294,100093.0
2016-03-24,100840.0,99159.703125,100187.0,99159.703125,611246,99159.703125
2016-03-25,101120.0,99066.296875,99346.3984375,99439.796875,697273,99439.796875
2016-03-28,100467.0,98412.703125,100467.0,98506.1015625,732129,98506.1015625
2016-03-29,102988.0,97572.3984375,98226.0,102241.0,1926514,102241.0
2016-03-30,103548.0,101681.0,103455.0,102428.0,718465,102428.0
2016-03-31,103268.0,101867.0,102708.0,102521.0,514212,102521.0
2016-04-01,107750.0,102148.0,102428.0,106816.0,1555043,106816.0
2016-04-04,111578.0,107283.0,107563.0,110177.0,1405450,110177.0
2016-04-05,112045.0,109244.0,110551.0,111111.0,788133,111111.0
2016-04-06,113912.0,102894.0,112418.0,102988.0,4500454,102988.0
2016-04-07,109430.0,103922.0,104202.0,106349.0,3570112,106349.0
2016-04-08,107563.0,102801.0,106536.0,103548.0,1587799,103548.0
2016-04-11,105416.0,100000.0,103828.0,100747.0,1377537,100747.0
2016-04-12,101774.0,99533.203125,99626.5,100280.0,780898,100280.0
2016-04-14,103175.0,100280.0,101867.0,102708.0,863511,102708.0
2016-04-15,103175.0,101027.0,102708.0,101027.0,604786,101027.0
2016-04-18,100654.0,97479.0,100000.0,97945.8984375,1044080,97945.8984375
2016-04-19,100654.0,96358.5,98039.203125,98972.8984375,1141403,98972.8984375
2016-04-20,99346.3984375,96638.703125,98599.3984375,96638.703125,815887,96638.703125
2016-04-21,97292.296875,93744.203125,96638.703125,95518.203125,1240087,95518.203125
2016-04-22,95985.1015625,94117.703125,95611.6015625,94491.1015625,626692,94491.1015625
2016-04-25,95144.703125,94117.703125,94304.3984375,94677.8984375,411372,94677.8984375
2016-04-26,98786.203125,95611.6015625,95705.0,96825.3984375,834079,96825.3984375
2016-04-27,97198.8984375,94864.6015625,97105.5,94864.6015625,650053,94864.6015625
2016-04-28,95424.796875,93837.5,94491.1015625,94024.296875,651751,94024.296875
2016-04-29,94771.203125,93557.3984375,93837.5,93930.8984375,435450,93930.8984375
2016-05-02,94397.796875,92530.3984375,93557.3984375,92530.3984375,744712,92530.3984375
2016-05-03,94024.296875,91876.796875,91876.796875,92997.203125,665971,92997.203125
2016-05-04,93370.703125,91596.6015625,92717.1015625,92343.6015625,496487,92343.6015625
2016-05-09,93183.8984375,91690.0,92063.5,91690.0,404148,91690.0
2016-05-10,94117.703125,91690.0,91970.1015625,93370.703125,582410,93370.703125
2016-05-11,94397.796875,92997.203125,93837.5,93370.703125,400648,93370.703125
2016-05-12,93837.5,92717.1015625,93183.8984375,93744.203125,333293,93744.203125
2016-05-13,94211.0,92156.8984375,92437.0,93370.703125,636593,93370.703125
2016-05-16,93557.3984375,92063.5,93370.703125,92343.6015625,458257,92343.6015625
2016-05-17,92623.703125,88702.203125,92437.0,88795.5,1189929,88795.5
2016-05-18,88328.703125,84127.0,88235.296875,84220.3984375,1583045,84220.3984375
2016-05-19,94584.5,82633.1015625,84033.6015625,86648.0,4066650,86648.0
2016-05-20,88982.296875,85247.3984375,86367.8984375,87675.1015625,1071936,87675.1015625
2016-05-23,90196.1015625,87861.796875,89075.6015625,87861.796875,725959,87861.796875
2016-05-24,88608.796875,86928.1015625,87114.8984375,86928.1015625,430289,86928.1015625
2016-05-25,93090.6015625,88048.6015625,88422.0,92250.203125,1563187,92250.203125
2016-05-26,93277.296875,88982.296875,93183.8984375,88982.296875,779544,88982.296875
2016-05-27,91503.296875,88702.203125,89542.5,90289.5,499550,90289.5
2016-05-30,92250.203125,90662.8984375,91876.796875,90662.8984375,462826,90662.8984375
2016-05-31,92810.5,90009.296875,90569.6015625,92530.3984375,941694,92530.3984375
2016-06-01,94304.3984375,91970.1015625,92717.1015625,92156.8984375,542154,92156.8984375
2016-06-02,92530.3984375,90849.703125,92063.5,91690.0,383800,91690.0
2016-06-03,92437.0,90662.8984375,92250.203125,90756.296875,408816,90756.296875
2016-06-07,91503.296875,90289.5,90756.296875,90756.296875,429827,90756.296875
2016-06-08,91129.796875,89542.5,90943.0,89822.6015625,539996,89822.6015625
2016-06-09,91876.796875,90102.703125,90382.796875,91690.0,763672,91690.0
2016-06-10,92063.5,90943.0,91876.796875,91783.3984375,370911,91783.3984375
2016-06-13,91409.8984375,89729.203125,90756.296875,89729.203125,467614,89729.203125
2016-06-14,90196.1015625,88235.296875,89169.0,88795.5,464790,88795.5
2016-06-15,89262.3984375,87861.796875,88888.8984375,88235.296875,409147,88235.296875
2016-06-16,90289.5,87861.796875,88515.3984375,87955.203125,512409,87955.203125
2016-06-17,89075.6015625,86834.703125,88702.203125,87021.5,472037,87021.5
2016-06-20,89075.6015625,88048.6015625,88515.3984375,88235.296875,307170,88235.296875
2016-06-21,89075.6015625,87488.296875,88702.203125,88702.203125,393002,88702.203125
2016-06-22,92343.6015625,88422.0,88795.5,89729.203125,865297,89729.203125
2016-06-23,90569.6015625,88608.796875,89355.796875,88795.5,486508,88795.5
2016-06-24,90382.796875,82726.3984375,90289.5,85060.703125,2005341,85060.703125
2016-06-27,86461.296875,82259.6015625,82819.796875,85994.3984375,895392,85994.3984375
2016-06-28,88235.296875,85340.796875,85714.296875,87861.796875,566288,87861.796875
2016-06-29,89635.8984375,88141.8984375,88702.203125,88141.8984375,471834,88141.8984375
2016-06-30,90756.296875,88422.0,89169.0,89729.203125,482979,89729.203125
2016-07-01,92997.203125,90569.6015625,90756.296875,92250.203125,1065157,92250.203125
2016-07-04,94864.6015625,92623.703125,92997.203125,92810.5,888077,92810.5
2016-07-05,96545.296875,92903.796875,93744.203125,96078.3984375,1158138,96078.3984375
2016-07-06,95891.703125,92156.8984375,95331.5,92530.3984375,1026825,92530.3984375
2016-07-07,94584.5,93183.8984375,93557.3984375,93557.3984375,559696,93557.3984375
2016-07-08,94491.1015625,92343.6015625,94491.1015625,93277.296875,427667,93277.296875
2016-07-11,94117.703125,92903.796875,93930.8984375,93557.3984375,279175,93557.3984375
2016-07-12,94117.703125,92530.3984375,93277.296875,92717.1015625,333864,92717.1015625
2016-07-13,93650.796875,92623.703125,93370.703125,93277.296875,324967,93277.296875
2016-07-14,94211.0,92530.3984375,93277.296875,93464.1015625,425036,93464.1015625
2016-07-15,94397.796875,93277.296875,94211.0,93464.1015625,388716,93464.1015625
2016-07-18,93930.8984375,92623.703125,93837.5,92717.1015625,289870,92717.1015625
2016-07-19,93557.3984375,92623.703125,92997.203125,93370.703125,294343,93370.703125
2016-07-20,95985.1015625,93277.296875,93557.3984375,94677.8984375,721508,94677.8984375
2016-07-21,98972.8984375,95051.3984375,95705.0,98972.8984375,1740868,98972.8984375
2016-07-22,99719.8984375,97105.5,99346.3984375,97385.6015625,645781,97385.6015625
2016-07-25,98692.796875,96825.3984375,98039.203125,97198.8984375,435654,97198.8984375
2016-07-26,97665.703125,96732.0,96825.3984375,97012.1015625,363792,97012.1015625
2016-07-27,97572.3984375,95331.5,97105.5,95331.5,580502,95331.5
2016-07-28,96825.3984375,95331.5,95331.5,96171.796875,329338,96171.796875
2016-07-29,98319.296875,96451.8984375,96638.703125,97198.8984375,537136,97198.8984375
2016-08-01,98039.203125,94864.6015625,97852.5,95051.3984375,536648,95051.3984375
2016-08-02,96078.3984375,94864.6015625,95238.1015625,95611.6015625,280334,95611.6015625
2016-08-03,96078.3984375,94584.5,95985.1015625,95331.5,243825,95331.5
2016-08-04,97105.5,95424.796875,95424.796875,97105.5,374508,97105.5
2016-08-05,97759.1015625,96358.5,97572.3984375,96918.796875,312722,96918.796875
2016-08-08,99439.796875,96918.796875,97479.0,99439.796875,797773,99439.796875
2016-08-09,101307.0,98786.203125,99253.0,100000.0,688949,100000.0
2016-08-10,105789.0,100934.0,101120.0,105042.0,2169298,105042.0
2016-08-11,106909.0,104388.0,105882.0,105509.0,904998,105509.0
2016-08-12,105976.0,104015.0,105882.0,105509.0,653324,105509.0
2016-08-16,106629.0,105042.0,105602.0,105042.0,564764,105042.0
2016-08-17,106816.0,101681.0,104295.0,106349.0,950811,106349.0
2016-08-18,111111.0,105789.0,110644.0,105789.0,1522053,105789.0
2016-08-19,108403.0,105042.0,105882.0,106349.0,773865,106349.0
2016-08-22,107376.0,102988.0,107376.0,103455.0,820872,103455.0
2016-08-23,104669.0,101961.0,102801.0,102241.0,555715,102241.0
2016-08-24,104015.0,101307.0,102614.0,103641.0,439608,103641.0
2016-08-25,105229.0,102801.0,104575.0,102801.0,365206,102801.0
2016-08-26,103361.0,101494.0,102894.0,102054.0,320838,102054.0
2016-08-29,101867.0,98506.1015625,101681.0,98879.6015625,813764,98879.6015625
2016-08-30,101027.0,98879.6015625,99719.8984375,98972.8984375,395548,98972.8984375
2016-08-31,100467.0,98972.8984375,99159.703125,99719.8984375,415042,99719.8984375
2016-09-01,102241.0,99719.8984375,100373.0,102241.0,409589,102241.0
2016-09-02,102988.0,101307.0,102428.0,101867.0,302571,101867.0
2016-09-05,103081.0,101961.0,102428.0,102334.0,249744,102334.0
2016-09-06,105509.0,102334.0,102708.0,104295.0,530819,104295.0
2016-09-07,105696.0,102894.0,105322.0,103361.0,427562,103361.0
2016-09-08,103361.0,100467.0,103361.0,101774.0,835303,101774.0
2016-09-09,102614.0,99439.796875,101027.0,101774.0,404002,101774.0
2016-09-12,101681.0,99346.3984375,99346.3984375,99906.6015625,307851,99906.6015625
2016-09-13,101681.0,100560.0,101214.0,101027.0,306381,101027.0
2016-09-19,101494.0,100000.0,100840.0,100000.0,297603,100000.0
2016-09-20,102614.0,99719.8984375,99719.8984375,102521.0,335372,102521.0
2016-09-21,103828.0,102148.0,102614.0,102614.0,295395,102614.0
2016-09-22,104108.0,102801.0,103361.0,102988.0,310819,102988.0
2016-09-23,103641.0,102614.0,103268.0,102988.0,247362,102988.0
2016-09-26,103828.0,102428.0,103175.0,102428.0,251356,102428.0
2016-09-27,102521.0,101307.0,102054.0,101961.0,301582,101961.0
2016-09-28,102521.0,101401.0,102521.0,101494.0,223339,101494.0
2016-09-29,102054.0,100840.0,101681.0,100840.0,265964,100840.0
2016-09-30,102148.0,98506.1015625,100934.0,99346.3984375,636944,99346.3984375
2016-10-04,101961.0,99813.296875,100467.0,100934.0,511949,100934.0
2016-10-05,100747.0,98599.3984375,100000.0,99066.296875,539706,99066.296875
2016-10-06,100747.0,98506.1015625,98506.1015625,98972.8984375,389711,98972.8984375
2016-10-07,100934.0,98972.8984375,99813.296875,99533.203125,370539,99533.203125
2016-10-10,99626.5,98599.3984375,99066.296875,99066.296875,236248,99066.296875
2016-10-11,99066.296875,95798.296875,98319.296875,95798.296875,717614,95798.296875
2016-10-12,96732.0,95238.1015625,95238.1015625,95331.5,377152,95331.5
2016-10-13,98226.0,95144.703125,96078.3984375,95331.5,507489,95331.5
2016-10-14,96171.796875,95051.3984375,95798.296875,95705.0,266187,95705.0
2016-10-17,96265.203125,93277.296875,96171.796875,93370.703125,496448,93370.703125
2016-10-18,99906.6015625,94677.8984375,95424.796875,99906.6015625,1096567,99906.6015625
2016-10-19,102614.0,98506.1015625,100467.0,100000.0,735000,100000.0
2016-10-20,100467.0,97852.5,99813.296875,98039.203125,326781,98039.203125
2016-10-21,100280.0,98132.6015625,98599.3984375,98972.8984375,300564,98972.8984375
2016-10-24,100187.0,97198.8984375,99253.0,97292.296875,310458,97292.296875
2016-10-25,98319.296875,95798.296875,97292.296875,96825.3984375,324112,96825.3984375
2016-10-26,99346.3984375,95891.703125,95985.1015625,98506.1015625,410200,98506.1015625
2016-10-27,99906.6015625,97945.8984375,98506.1015625,99813.296875,364579,99813.296875
2016-10-28,100187.0,97572.3984375,99813.296875,97572.3984375,279640,97572.3984375
2016-10-31,100093.0,96825.3984375,97012.1015625,99159.703125,586193,99159.703125
2016-11-01,99813.296875,98786.203125,98972.8984375,99066.296875,256600,99066.296875
2016-11-02,100187.0,98319.296875,99159.703125,98786.203125,460475,98786.203125
2016-11-03,101774.0,98599.3984375,98879.6015625,100560.0,564994,100560.0
2016-11-04,101961.0,99906.6015625,101120.0,100000.0,381221,100000.0
2016-11-07,101307.0,99533.203125,100654.0,101027.0,332662,101027.0
2016-11-08,101681.0,100373.0,101681.0,100747.0,296801,100747.0
2016-11-09,101401.0,92063.5,101214.0,95238.1015625,2407860,95238.1015625
2016-11-10,100747.0,98692.796875,99719.8984375,99626.5,994389,99626.5
2016-11-11,99719.8984375,97665.703125,99626.5,97665.703125,577244,97665.703125
2016-11-14,98786.203125,96918.796875,98132.6015625,97012.1015625,381772,97012.1015625
2016-11-15,97759.1015625,96078.3984375,96638.703125,96078.3984375,345702,96078.3984375
2016-11-16,99066.296875,96171.796875,96451.8984375,98132.6015625,491574,98132.6015625
2016-11-17,98972.8984375,97012.1015625,98506.1015625,97012.1015625,250395,97012.1015625
2016-11-18,98412.703125,96638.703125,97945.8984375,96638.703125,309395,96638.703125
2016-11-21,97105.5,95891.703125,97105.5,96078.3984375,239889,96078.3984375
2016-11-22,97105.5,95424.796875,96358.5,96078.3984375,262394,96078.3984375
2016-11-23,96638.703125,95705.0,96078.3984375,96171.796875,224813,96171.796875
2016-11-24,97385.6015625,95424.796875,96171.796875,96358.5,284837,96358.5
2016-11-25,97479.0,96171.796875,96171.796875,97105.5,173412,97105.5
2016-11-28,97665.703125,96078.3984375,97572.3984375,96078.3984375,253683,96078.3984375
2016-11-29,96732.0,95705.0,95891.703125,96171.796875,226891,96171.796875
2016-11-30,96451.8984375,95611.6015625,96265.203125,95611.6015625,302458,95611.6015625
2016-12-01,96078.3984375,94397.796875,95424.796875,94677.8984375,362007,94677.8984375
2016-12-02,94864.6015625,92903.796875,94677.8984375,92997.203125,475559,92997.203125
2016-12-05,94117.703125,92343.6015625,92810.5,93464.1015625,400393,93464.1015625
2016-12-06,94024.296875,93090.6015625,93277.296875,93370.703125,316714,93370.703125
2016-12-07,93650.796875,91690.0,93464.1015625,92156.8984375,511204,92156.8984375
2016-12-08,93557.3984375,91783.3984375,92623.703125,91783.3984375,512860,91783.3984375
2016-12-09,93930.8984375,91876.796875,91876.796875,93744.203125,364536,93744.203125
2016-12-12,94397.796875,93557.3984375,94304.3984375,94117.703125,226112,94117.703125
2016-12-13,96918.796875,94024.296875,94117.703125,96638.703125,524689,96638.703125
2016-12-14,98599.3984375,97198.8984375,97572.3984375,97665.703125,486005,97665.703125
2016-12-15,98972.8984375,96918.796875,97292.296875,98972.8984375,399471,98972.8984375
2016-12-16,101120.0,99066.296875,99813.296875,100467.0,687603,100467.0
2016-12-19,102241.0,99439.796875,101774.0,100467.0,898914,100467.0
2016-12-20,100280.0,98039.203125,100280.0,98039.203125,720201,98039.203125
2016-12-21,98972.8984375,95891.703125,98132.6015625,96171.796875,925027,96171.796875
2016-12-22,97012.1015625,95238.1015625,95891.703125,95518.203125,593107,95518.203125
2016-12-23,97198.8984375,95331.5,95518.203125,97105.5,793691,97105.5
2016-12-26,99439.796875,96825.3984375,97945.8984375,99066.296875,1038247,99066.296875
2016-12-27,99906.6015625,98132.6015625,99626.5,99253.0,1493461,99253.0
2016-12-28,105686.0,103235.0,105392.0,104412.0,1657337,104412.0
2016-12-29,105588.0,103039.0,103725.0,105294.0,504993,105294.0
2017-01-02,106176.0,104510.0,105490.0,106078.0,442244,106078.0
2017-01-03,106078.0,104020.0,105588.0,104510.0,389710,104510.0
2017-01-04,104902.0,103039.0,104902.0,104020.0,356978,104020.0
2017-01-05,105392.0,103725.0,104314.0,104314.0,318269,104314.0
2017-01-06,104216.0,102941.0,103824.0,103235.0,283092,103235.0
2017-01-09,103725.0,101863.0,103333.0,101863.0,349081,101863.0
2017-01-10,102745.0,101471.0,102255.0,101863.0,232044,101863.0
2017-01-11,102647.0,101667.0,102549.0,101863.0,238704,101863.0
2017-01-12,101667.0,100588.0,101569.0,100588.0,390126,100588.0
2017-01-13,102157.0,100490.0,100686.0,100686.0,320926,100686.0
2017-01-16,101275.0,100098.0,100980.0,100098.0,236882,100098.0
2017-01-17,100392.0,98823.5,100000.0,99019.6015625,352355,99019.6015625
2017-01-18,100294.0,99117.6015625,99215.703125,99313.703125,260305,99313.703125
2017-01-19,100098.0,98529.3984375,99705.8984375,98529.3984375,252422,98529.3984375
2017-01-20,98823.5,98039.203125,98529.3984375,98529.3984375,209241,98529.3984375
2017-01-23,99705.8984375,98137.296875,98431.3984375,98529.3984375,231992,98529.3984375
2017-01-24,98823.5,97549.0,98627.5,97647.1015625,335809,97647.1015625
2017-01-25,98921.6015625,97058.796875,98039.203125,98039.203125,381019,98039.203125
2017-01-26,98333.296875,96960.796875,98039.203125,98235.296875,427622,98235.296875
2017-01-31,99607.796875,98235.296875,98725.5,98235.296875,296980,98235.296875
2017-02-01,99019.6015625,97843.1015625,98823.5,98039.203125,222946,98039.203125
2017-02-02,99803.8984375,97941.203125,98333.296875,98627.5,293931,98627.5
2017-02-03,100392.0,98529.3984375,99117.6015625,99509.796875,289477,99509.796875
2017-02-06,100196.0,99019.6015625,100000.0,99411.796875,164772,99411.796875
2017-02-07,99509.796875,98431.3984375,99215.703125,98529.3984375,253689,98529.3984375
2017-02-08,98823.5,97843.1015625,98627.5,98823.5,218185,98823.5
2017-02-09,99019.6015625,98333.296875,98627.5,98431.3984375,167898,98431.3984375
2017-02-10,100196.0,98529.3984375,98529.3984375,99803.8984375,274302,99803.8984375
2017-02-13,100294.0,99313.703125,100196.0,99607.796875,165952,99607.796875
2017-02-14,99607.796875,98431.3984375,99411.796875,98529.3984375,227057,98529.3984375
2017-02-15,99902.0,98627.5,98823.5,99509.796875,240136,99509.796875
2017-02-16,100098.0,99019.6015625,100098.0,99705.8984375,240756,99705.8984375
2017-02-17,99509.796875,98725.5,98725.5,98921.6015625,288525,98921.6015625
2017-02-20,99509.796875,98823.5,99117.6015625,98823.5,163982,98823.5
2017-02-21,99215.703125,98725.5,98921.6015625,99019.6015625,229844,99019.6015625
2017-02-22,100980.0,98333.296875,99117.6015625,99117.6015625,618654,99117.6015625
2017-02-23,100392.0,99215.703125,100000.0,99509.796875,326373,99509.796875
2017-02-24,100000.0,98725.5,99803.8984375,98725.5,302435,98725.5
2017-02-27,100392.0,98921.6015625,98921.6015625,99509.796875,316823,99509.796875
2017-02-28,100196.0,99019.6015625,100000.0,99509.796875,236381,99509.796875
2017-03-02,100000.0,98823.5,100000.0,99019.6015625,300425,99019.6015625
2017-03-03,99411.796875,98431.3984375,99019.6015625,99019.6015625,229638,99019.6015625
2017-03-06,99313.703125,98431.3984375,98725.5,98725.5,192942,98725.5
2017-03-07,98823.5,98333.296875,98627.5,98333.296875,185542,98333.296875
2017-03-08,98725.5,97745.1015625,98529.3984375,97843.1015625,248970,97843.1015625
2017-03-09,98431.3984375,97254.8984375,97941.203125,97254.8984375,298871,97254.8984375
2017-03-10,97451.0,95784.296875,97352.8984375,96764.703125,510581,96764.703125
2017-03-13,97352.8984375,96372.6015625,96470.6015625,96568.6015625,269430,96568.6015625
2017-03-14,96862.796875,95882.3984375,96274.5,96078.3984375,344230,96078.3984375
2017-03-15,96764.703125,92745.1015625,96372.6015625,92745.1015625,1165300,92745.1015625
2017-03-16,94509.796875,92352.8984375,92352.8984375,94411.796875,502789,94411.796875
2017-03-17,94705.8984375,89902.0,94705.8984375,90294.1015625,1200510,90294.1015625
2017-03-20,89803.8984375,86470.6015625,89313.703125,89705.8984375,1554215,89705.8984375
2017-03-21,90686.296875,88039.203125,89313.703125,88039.203125,848800,88039.203125
2017-03-22,90000.0,87451.0,88823.5,87745.1015625,946442,87745.1015625
2017-03-23,88333.296875,85784.296875,87941.203125,86372.5,1092353,86372.5
2017-03-24,88039.203125,85686.296875,86960.796875,88039.203125,883760,88039.203125
2017-03-27,90196.1015625,87647.1015625,88431.3984375,89215.703125,766183,89215.703125
2017-03-28,89803.8984375,88333.296875,89705.8984375,89019.6015625,382264,89019.6015625
2017-03-29,89313.703125,88333.296875,89215.703125,88431.3984375,327566,88431.3984375
2017-03-30,89313.703125,88137.296875,88627.5,88529.3984375,365000,88529.3984375
2017-03-31,89215.703125,88235.296875,88235.296875,88333.296875,264926,88333.296875
2017-04-03,88431.3984375,87549.0,88333.296875,87745.1015625,468215,87745.1015625
2017-04-04,89215.703125,87549.0,87843.1015625,88529.3984375,485551,88529.3984375
2017-04-05,89117.6015625,88039.203125,88921.6015625,88823.5,282220,88823.5
2017-04-06,88921.6015625,88039.203125,88921.6015625,88529.3984375,226811,88529.3984375
2017-04-07,88921.6015625,88235.296875,88921.6015625,88333.296875,205110,88333.296875
2017-04-10,88235.296875,86862.796875,88137.296875,86862.796875,413116,86862.796875
2017-04-11,88431.3984375,87058.796875,87058.796875,87941.203125,334529,87941.203125
2017-04-12,88627.5,87745.1015625,87941.203125,88333.296875,239890,88333.296875
2017-04-13,88627.5,87843.1015625,88627.5,87843.1015625,273733,87843.1015625
2017-04-14,88235.296875,87254.8984375,87647.1015625,87254.8984375,284968,87254.8984375
2017-04-17,89215.703125,87352.8984375,87843.1015625,89215.703125,303108,89215.703125
2017-04-18,90196.1015625,88823.5,89509.796875,89411.796875,416806,89411.796875
2017-04-19,90098.0,89019.6015625,90000.0,89902.0,299362,89902.0
2017-04-20,90098.0,89117.6015625,90000.0,89411.796875,219806,89411.796875
2017-04-21,89607.796875,88431.3984375,89509.796875,88529.3984375,286402,88529.3984375
2017-04-24,87843.1015625,86960.796875,87843.1015625,87156.8984375,481661,87156.8984375
2017-04-25,87941.203125,87058.796875,87451.0,87156.8984375,323898,87156.8984375
2017-04-26,87941.203125,86862.796875,87745.1015625,87941.203125,447288,87941.203125
2017-04-27,88333.296875,87352.8984375,88235.296875,87352.8984375,277872,87352.8984375
2017-04-28,87843.1015625,86960.796875,87549.0,87843.1015625,265339,87843.1015625
2017-05-02,88235.296875,87156.8984375,87745.1015625,87254.8984375,230327,87254.8984375
2017-05-04,88431.3984375,87352.8984375,87745.1015625,88333.296875,350382,88333.296875
2017-05-08,93137.296875,89803.8984375,89803.8984375,92941.203125,1227133,92941.203125
2017-05-10,95882.3984375,93823.5,93921.6015625,94607.796875,1009278,94607.796875
2017-05-11,95784.296875,93235.296875,94215.703125,93431.3984375,753317,93431.3984375
2017-05-12,94509.796875,92745.1015625,94117.6015625,93627.5,397495,93627.5
2017-05-15,94411.796875,93137.296875,93137.296875,94019.6015625,297088,94019.6015625
2017-05-16,94607.796875,92941.203125,94607.796875,93039.203125,341448,93039.203125
2017-05-17,93725.5,92451.0,93529.3984375,92843.1015625,263411,92843.1015625
2017-05-18,92745.1015625,91274.5,91862.796875,92156.8984375,329235,92156.8984375
2017-05-19,93039.203125,91862.796875,92254.8984375,92941.203125,229821,92941.203125
2017-05-22,93529.3984375,91862.796875,93529.3984375,92058.796875,246170,92058.796875
2017-05-23,92451.0,91274.5,92352.8984375,91666.703125,291008,91666.703125
2017-05-24,93137.296875,91960.796875,91960.796875,93137.296875,406869,93137.296875
2017-05-25,93529.3984375,91960.796875,93529.3984375,91960.796875,328332,91960.796875
2017-05-26,93039.203125,91274.5,92156.8984375,91960.796875,417975,91960.796875
2017-05-29,92647.1015625,91568.6015625,92451.0,91764.703125,333615,91764.703125
2017-05-30,93921.6015625,92156.8984375,92549.0,93921.6015625,597845,93921.6015625
2017-05-31,94803.8984375,93235.296875,94019.6015625,93725.5,640662,93725.5
2017-06-01,94215.703125,92745.1015625,94117.6015625,93137.296875,439824,93137.296875
2017-06-02,95098.0,93627.5,94509.796875,94215.703125,486265,94215.703125
2017-06-05,95882.3984375,94313.703125,94902.0,95882.3984375,766353,95882.3984375
2017-06-07,97549.0,96274.5,96764.703125,96862.796875,921755,96862.796875
2017-06-08,98333.296875,97156.8984375,97745.1015625,97745.1015625,990900,97745.1015625
2017-06-09,100490.0,97843.1015625,98333.296875,99411.796875,1138195,99411.796875
2017-06-12,99313.703125,97745.1015625,99019.6015625,98039.203125,518373,98039.203125
2017-06-13,98823.5,97451.0,98431.3984375,97941.203125,534305,97941.203125
2017-06-14,102451.0,98725.5,98823.5,100784.0,1028822,100784.0
2017-06-15,101961.0,99215.703125,101961.0,100588.0,609089,100588.0
2017-06-16,102255.0,100000.0,100784.0,102255.0,640555,102255.0
2017-06-19,106471.0,102451.0,102941.0,106373.0,1295940,106373.0
2017-06-20,113529.0,107255.0,107451.0,112059.0,2533972,112059.0
2017-06-21,113529.0,107059.0,112157.0,112843.0,1499120,112843.0
2017-06-22,113431.0,110392.0,113431.0,110882.0,927888,110882.0
2017-06-23,112745.0,110588.0,111667.0,111078.0,577577,111078.0
2017-06-26,113333.0,109902.0,110588.0,111765.0,937059,111765.0
2017-06-27,117157.0,112745.0,114412.0,112843.0,1124274,112843.0
2017-06-28,113333.0,111667.0,111863.0,111765.0,466940,111765.0
2017-06-29,112549.0,109902.0,111961.0,110882.0,679490,110882.0
2017-06-30,113922.0,111471.0,111471.0,112843.0,845104,112843.0
2017-07-03,114020.0,112255.0,113725.0,113235.0,548750,113235.0
2017-07-04,113725.0,110392.0,113235.0,110686.0,550299,110686.0
2017-07-05,110980.0,107157.0,110294.0,108529.0,906520,108529.0
2017-07-06,111373.0,108922.0,109020.0,111373.0,509966,111373.0
2017-07-07,112647.0,111078.0,111765.0,111765.0,399867,111765.0
2017-07-10,112647.0,110686.0,112647.0,110784.0,301928,110784.0
2017-07-11,111373.0,109412.0,110980.0,110294.0,372509,110294.0
2017-07-12,111176.0,105980.0,110196.0,106078.0,914685,106078.0
2017-07-13,107843.0,103333.0,106765.0,105294.0,843576,105294.0
2017-07-14,107157.0,102941.0,105098.0,107157.0,688222,107157.0
2017-07-17,109510.0,107941.0,109020.0,108529.0,589237,108529.0
2017-07-18,109412.0,107451.0,108725.0,108333.0,425837,108333.0
2017-07-19,112745.0,107843.0,109118.0,112451.0,763092,112451.0
2017-07-20,114608.0,112255.0,113824.0,112353.0,1045920,112353.0
2017-07-21,112843.0,110882.0,112843.0,112255.0,461802,112255.0
2017-07-24,113627.0,111863.0,112745.0,112647.0,397900,112647.0
2017-07-25,112647.0,108529.0,112549.0,108824.0,1170770,108824.0
2017-07-26,111275.0,105882.0,108333.0,111275.0,1372876,111275.0
2017-07-27,112059.0,109216.0,111569.0,109216.0,632713,109216.0
2017-07-28,107843.0,105882.0,107549.0,106471.0,1008078,106471.0
2017-07-31,108137.0,105294.0,105882.0,106373.0,458438,106373.0
2017-08-01,107451.0,104510.0,107353.0,104706.0,666421,104706.0
2017-08-02,104804.0,103333.0,104314.0,104216.0,624743,104216.0
2017-08-03,104804.0,100588.0,103922.0,100686.0,1088662,100686.0
2017-08-04,101765.0,99215.703125,100490.0,100588.0,650532,100588.0
2017-08-07,107745.0,100882.0,100980.0,106078.0,1230342,106078.0
2017-08-08,108137.0,105196.0,106373.0,107255.0,863603,107255.0
2017-08-09,108137.0,105784.0,107157.0,106275.0,621657,106275.0
2017-08-10,107059.0,104902.0,105882.0,105588.0,508368,105588.0
2017-08-11,104706.0,101373.0,103922.0,101961.0,842564,101961.0
2017-08-14,103333.0,101569.0,102451.0,102647.0,393353,102647.0
2017-08-16,106569.0,103235.0,104118.0,106373.0,697620,106373.0
2017-08-17,109020.0,106667.0,107843.0,108039.0,626178,108039.0
2017-08-18,108627.0,106667.0,107157.0,107353.0,396639,107353.0
2017-08-21,109020.0,107451.0,108824.0,108333.0,456664,108333.0
2017-08-22,115000.0,109118.0,109608.0,114706.0,1958405,114706.0
2017-08-23,116863.0,112451.0,116275.0,112451.0,1265684,112451.0
2017-08-24,114314.0,112157.0,112745.0,112255.0,539297,112255.0
2017-08-25,113137.0,111569.0,113137.0,111765.0,367792,111765.0
2017-08-28,112549.0,110490.0,112059.0,111863.0,491493,111863.0
2017-08-29,113922.0,110980.0,111275.0,113333.0,691975,113333.0
2017-08-30,115588.0,112843.0,114118.0,112941.0,627177,112941.0
2017-08-31,114118.0,112451.0,113333.0,112843.0,404070,112843.0
2017-09-01,113529.0,111373.0,113431.0,111961.0,508155,111961.0
2017-09-04,111569.0,108039.0,108137.0,109902.0,734418,109902.0
2017-09-05,111569.0,109608.0,111373.0,110000.0,368783,110000.0
2017-09-06,113627.0,109902.0,110294.0,113529.0,977713,113529.0
2017-09-07,114020.0,112647.0,113431.0,114020.0,601868,114020.0
2017-09-08,114510.0,112745.0,113529.0,112745.0,478896,112745.0
2017-09-11,113137.0,112255.0,112843.0,112549.0,381163,112549.0
2017-09-12,114412.0,112647.0,112843.0,113235.0,538073,113235.0
2017-09-13,115196.0,113431.0,114020.0,114020.0,698773,114020.0
2017-09-14,118137.0,114216.0,114510.0,117157.0,1812120,117157.0
2017-09-15,127255.0,116569.0,116667.0,125196.0,3110752,125196.0
2017-09-18,139510.0,127941.0,128137.0,135686.0,4103960,135686.0
2017-09-19,138137.0,133922.0,136961.0,136765.0,1691832,136765.0
2017-09-20,146078.0,137353.0,137451.0,143824.0,2820149,143824.0
2017-09-21,147549.0,138922.0,146471.0,143137.0,2118594,143137.0
2017-09-25,146373.0,141765.0,143039.0,144020.0,1586802,144020.0
2017-09-26,144020.0,144020.0,144020.0,144020.0,0,144020.0
2017-09-27,146667.0,139804.0,140882.0,146275.0,1658385,146275.0
2017-09-28,146765.0,141176.0,146765.0,141176.0,1378219,141176.0
2017-09-29,143431.0,134412.0,142549.0,139216.0,2746044,139216.0
2017-10-10,145588.0,140882.0,143431.0,141569.0,1504912,141569.0
2017-10-11,144804.0,141569.0,141765.0,143137.0,905656,143137.0
2017-10-12,152451.0,142941.0,144608.0,152157.0,2012080,152157.0
2017-10-13,176275.0,155196.0,155588.0,165980.0,5233106,165980.0
2017-10-16,174118.0,165098.0,170294.0,172451.0,3030732,172451.0
2017-10-17,194902.0,169118.0,170490.0,187941.0,5093133,187941.0
2017-10-18,204412.0,187353.0,198039.0,188333.0,4586572,188333.0
2017-10-19,191078.0,171765.0,190686.0,171765.0,4671310,171765.0
2017-10-20,177549.0,168726.0,170490.0,174510.0,2535324,174510.0
2017-10-23,179804.0,173824.0,173824.0,174804.0,1414079,174804.0
2017-10-24,187157.0,175588.0,176176.0,187157.0,2235804,187157.0
2017-10-25,185686.0,177059.0,185588.0,177451.0,2921509,177451.0
2017-10-26,178824.0,168726.0,178333.0,168726.0,2309097,168726.0
2017-10-27,175196.0,164902.0,170784.0,171569.0,2016838,171569.0
2017-10-30,171078.0,164608.0,168824.0,164804.0,1911708,164804.0
2017-10-31,170392.0,162451.0,164608.0,169706.0,1692441,169706.0
2017-11-01,174510.0,167353.0,170294.0,168529.0,1300479,168529.0
2017-11-02,172843.0,167941.0,170588.0,169118.0,1091510,169118.0
2017-11-03,178333.0,169902.0,171667.0,172647.0,2625706,172647.0
2017-11-06,175392.0,170784.0,174902.0,171569.0,985088,171569.0
2017-11-07,171863.0,162745.0,171667.0,163529.0,2629479,163529.0
2017-11-08,172745.0,164510.0,165098.0,169706.0,1876423,169706.0
2017-11-09,171176.0,165686.0,170784.0,167647.0,1175357,167647.0
2017-11-10,174020.0,167059.0,167059.0,172843.0,1287956,172843.0
2017-11-13,186961.0,174020.0,175196.0,186275.0,3022507,186275.0
2017-11-14,193726.0,182549.0,188922.0,189118.0,2423645,189118.0
2017-11-15,204412.0,188922.0,191275.0,204412.0,4896422,204412.0
2017-11-16,215588.0,200000.0,208529.0,214706.0,3788853,214706.0
2017-11-17,217745.0,208333.0,212451.0,214510.0,2753382,214510.0
2017-11-20,217647.0,211078.0,212843.0,212451.0,1593658,212451.0
2017-11-21,223922.0,210686.0,215000.0,218333.0,2380016,218333.0
2017-11-22,223333.0,211373.0,218627.0,211373.0,2604732,211373.0
2017-11-23,216078.0,203431.0,208529.0,216078.0,1693892,216078.0
2017-11-24,216961.0,210686.0,215686.0,210686.0,975312,210686.0
2017-11-27,211569.0,205098.0,206373.0,208922.0,1056652,208922.0
2017-11-28,212157.0,201078.0,211078.0,201078.0,1065865,201078.0
2017-11-29,205098.0,198824.0,200980.0,201078.0,1479326,201078.0
2017-11-30,203922.0,196176.0,202745.0,196176.0,1172498,196176.0
2017-12-01,207451.0,197059.0,197059.0,207255.0,1418201,207255.0
2017-12-04,207353.0,202157.0,206176.0,205098.0,793663,205098.0
2017-12-05,205588.0,201176.0,205392.0,201176.0,709408,201176.0
2017-12-06,204902.0,197157.0,202353.0,197353.0,938317,197353.0
2017-12-07,200196.0,188922.0,199020.0,190196.0,1593872,190196.0
2017-12-08,198333.0,189706.0,190098.0,192255.0,1285634,192255.0
2017-12-11,200980.0,193137.0,194608.0,200980.0,969823,200980.0
2017-12-12,205392.0,198726.0,204804.0,201569.0,773369,201569.0
2017-12-13,206765.0,201961.0,202157.0,205882.0,1001344,205882.0
2017-12-14,211275.0,197157.0,210294.0,205392.0,2695295,205392.0
2017-12-15,210784.0,201275.0,204118.0,206373.0,1325336,206373.0
2017-12-18,209314.0,204706.0,208824.0,204706.0,1001916,204706.0
2017-12-19,204608.0,195784.0,201961.0,200980.0,1679431,200980.0
2017-12-21,197451.0,193431.0,195490.0,193431.0,1438095,193431.0
2017-12-22,198529.0,192941.0,193627.0,197941.0,1963096,197941.0
2017-12-26,205098.0,191176.0,200196.0,191176.0,4446834,191176.0
2017-12-27,220300.0,204000.0,210000.0,220000.0,4011320,220000.0
2017-12-28,225700.0,218100.0,221900.0,221100.0,1859347,221100.0
2018-01-02,227700.0,222200.0,223600.0,225900.0,1176443,225900.0
2018-01-03,247200.0,227100.0,228900.0,246700.0,2411162,246700.0
2018-01-04,261200.0,245300.0,249600.0,250000.0,3265527,250000.0
2018-01-05,267000.0,254000.0,254900.0,266900.0,1920918,266900.0
2018-01-08,303200.0,277200.0,278500.0,302500.0,4298770,302500.0
2018-01-09,320000.0,291200.0,304000.0,292500.0,5108684,292500.0
2018-01-10,315000.0,285000.0,303300.0,296000.0,3487231,296000.0
2018-01-11,307000.0,293000.0,298600.0,307000.0,1771655,307000.0
2018-01-12,374000.0,317500.0,324600.0,341500.0,5792144,341500.0
2018-01-15,356100.0,328500.0,343500.0,350000.0,3069223,350000.0
2018-01-16,350400.0,335200.0,341000.0,347400.0,1649629,347400.0
2018-01-17,347500.0,312500.0,347400.0,313500.0,3483413,313500.0
2018-01-18,323400.0,305600.0,308900.0,319300.0,1954123,319300.0
2018-01-19,320800.0,284400.0,320000.0,287800.0,3755567,287800.0
2018-01-22,289900.0,270500.0,281000.0,280600.0,2778135,280600.0
2018-01-23,300100.0,283600.0,286800.0,299000.0,2243840,299000.0
2018-01-24,312000.0,291300.0,310000.0,293500.0,1566151,293500.0
2018-01-25,295000.0,282300.0,291300.0,289700.0,1393842,289700.0
2018-01-26,301700.0,282300.0,287000.0,300000.0,1586568,300000.0
2018-01-29,337500.0,293900.0,293900.0,328300.0,2153908,328300.0
2018-01-30,339000.0,325200.0,333900.0,326600.0,1789761,326600.0
2018-01-31,322100.0,312500.0,317600.0,315700.0,1383456,315700.0
2018-02-01,318300.0,297300.0,314800.0,299800.0,1909895,299800.0
2018-02-02,306400.0,290000.0,300300.0,301400.0,1647660,301400.0
2018-02-05,299900.0,286000.0,293400.0,286000.0,1378628,286000.0
2018-02-06,291200.0,272200.0,276200.0,284200.0,2596342,284200.0
2018-02-07,292000.0,256000.0,291300.0,256000.0,3326704,256000.0
2018-02-08,273000.0,238500.0,251300.0,271400.0,7760386,271400.0
2018-02-09,293000.0,257500.0,259000.0,288000.0,2965646,288000.0
2018-02-12,311500.0,295000.0,295500.0,302500.0,2112316,302500.0
2018-02-13,308000.0,294000.0,306000.0,294000.0,1199337,294000.0
2018-02-14,313500.0,296500.0,299000.0,312500.0,1715961,312500.0
2018-02-19,326000.0,311500.0,326000.0,316500.0,1345272,316500.0
2018-02-20,319000.0,301000.0,313500.0,304000.0,1087076,304000.0
2018-02-21,311500.0,302000.0,304000.0,307500.0,725161,307500.0
2018-02-22,313500.0,301000.0,305000.0,307500.0,738229,307500.0
2018-02-23,322500.0,307000.0,309000.0,318000.0,976514,318000.0
2018-02-26,328000.0,320500.0,321000.0,326500.0,827134,326500.0
2018-02-27,354500.0,330500.0,334000.0,351000.0,2097880,351000.0
2018-02-28,364500.0,342000.0,342500.0,353000.0,2414626,353000.0
2018-03-02,372000.0,351000.0,353000.0,372000.0,1964092,372000.0
2018-03-05,392000.0,357000.0,386500.0,373500.0,3136351,373500.0
2018-03-06,381500.0,358500.0,376000.0,370000.0,2019719,370000.0
2018-03-07,351500.0,324500.0,347000.0,325000.0,7588080,325000.0
2018-03-08,354000.0,330500.0,331000.0,354000.0,7741422,354000.0
2018-03-09,355000.0,323000.0,345500.0,326000.0,3558669,326000.0
2018-03-12,333500.0,313500.0,324000.0,322000.0,2575956,322000.0
2018-03-13,321000.0,305000.0,321000.0,311000.0,2979719,311000.0
2018-03-14,316000.0,303500.0,306500.0,306500.0,1904376,306500.0
2018-03-15,327500.0,310500.0,313000.0,322500.0,2002241,322500.0
2018-03-16,332500.0,321000.0,325000.0,324000.0,1357702,324000.0
2018-03-19,329500.0,317500.0,327000.0,319000.0,846578,319000.0
2018-03-20,325000.0,312500.0,316000.0,322500.0,1160725,322500.0
2018-03-21,324500.0,311000.0,323000.0,311500.0,1229495,311500.0
2018-03-22,319000.0,305000.0,312000.0,310500.0,1177144,310500.0
2018-03-23,312500.0,298000.0,302500.0,300000.0,1483144,300000.0
2018-03-26,305000.0,294000.0,301000.0,300000.0,1337035,300000.0
2018-03-27,308500.0,297000.0,307000.0,297000.0,1135219,297000.0
2018-03-28,294000.0,280500.0,292000.0,289500.0,2566693,289500.0
2018-03-29,318000.0,295000.0,297000.0,317000.0,1955696,317000.0
2018-03-30,321500.0,309000.0,319500.0,309500.0,1206106,309500.0
2018-04-02,316000.0,304000.0,310500.0,304000.0,702993,304000.0
2018-04-03,304500.0,297000.0,299500.0,299000.0,870110,299000.0
2018-04-04,306000.0,291500.0,303500.0,294000.0,1191952,294000.0
2018-04-05,307000.0,283500.0,291500.0,295000.0,1797274,295000.0
2018-04-06,300500.0,291500.0,296000.0,292000.0,660697,292000.0
2018-04-09,310000.0,293000.0,298500.0,306000.0,1134927,306000.0
2018-04-10,311500.0,301000.0,309500.0,303000.0,867964,303000.0
2018-04-11,308000.0,298000.0,306000.0,298000.0,681690,298000.0
2018-04-12,303000.0,293000.0,299000.0,298500.0,1030225,298500.0
2018-04-13,295000.0,286500.0,295000.0,290000.0,986753,290000.0
2018-04-16,302000.0,289500.0,289500.0,295500.0,823788,295500.0
2018-04-17,296000.0,289000.0,296000.0,290000.0,661254,290000.0
2018-04-18,295500.0,283000.0,294500.0,284500.0,938020,284500.0
2018-04-19,283500.0,265500.0,283000.0,266500.0,2211139,266500.0
2018-04-20,275500.0,257500.0,266000.0,269000.0,1941848,269000.0
2018-04-23,267500.0,249500.0,265000.0,250500.0,1984284,250500.0
2018-04-24,260500.0,248000.0,251000.0,248500.0,1681692,248500.0
2018-04-25,256500.0,244000.0,245500.0,251000.0,1327901,251000.0
2018-04-26,260500.0,255500.0,257000.0,257000.0,954716,257000.0
2018-04-27,278000.0,260000.0,265500.0,276500.0,1351327,276500.0
2018-04-30,281500.0,267000.0,275000.0,271000.0,1031836,271000.0
2018-05-02,272500.0,256000.0,267500.0,259000.0,1284374,259000.0
2018-05-03,267000.0,257000.0,261500.0,262000.0,844005,262000.0
2018-05-04,264000.0,249000.0,262500.0,250000.0,1087480,250000.0
2018-05-08,256000.0,234000.0,251000.0,236000.0,1422120,236000.0
2018-05-09,264500.0,234000.0,235000.0,259000.0,2553475,259000.0
2018-05-10,264000.0,252500.0,260000.0,259000.0,1328424,259000.0
2018-05-11,267500.0,256000.0,257000.0,260000.0,1034512,260000.0
2018-05-14,264000.0,254500.0,262500.0,255000.0,783485,255000.0
2018-05-15,271500.0,262000.0,262000.0,268000.0,1489555,268000.0
2018-05-16,273500.0,267000.0,271000.0,268500.0,1098811,268500.0
2018-05-17,273000.0,266000.0,271500.0,267500.0,628127,267500.0
2018-05-18,275500.0,269000.0,271500.0,270000.0,736242,270000.0
2018-05-21,273000.0,268000.0,271000.0,270000.0,362669,270000.0
2018-05-23,271500.0,256500.0,270000.0,257500.0,997007,257500.0
2018-05-24,268000.0,258500.0,259000.0,264500.0,787269,264500.0
2018-05-25,280000.0,264500.0,264500.0,275000.0,1410032,275000.0
2018-05-28,276000.0,267000.0,269500.0,271000.0,788962,271000.0
2018-05-29,279500.0,270000.0,273500.0,270500.0,703743,270500.0
2018-05-30,271500.0,262500.0,270000.0,269500.0,905721,269500.0
2018-05-31,274500.0,265500.0,274500.0,265500.0,763025,265500.0
2018-06-01,276000.0,265000.0,265500.0,273500.0,859854,273500.0
2018-06-04,273500.0,264000.0,272500.0,266500.0,679298,266500.0
2018-06-05,271000.0,265500.0,270000.0,267000.0,397529,267000.0
2018-06-07,273000.0,266500.0,268500.0,271000.0,573473,271000.0
2018-06-08,275000.0,268000.0,271000.0,269500.0,413575,269500.0
2018-06-11,270500.0,267000.0,269000.0,267500.0,327679,267500.0
2018-06-12,275500.0,269000.0,269500.0,273000.0,662069,273000.0
2018-06-14,280000.0,272500.0,272500.0,280000.0,1098162,280000.0
2018-06-15,300000.0,280000.0,281000.0,298500.0,1851466,298500.0
2018-06-18,311000.0,299000.0,302000.0,305000.0,1658676,305000.0
2018-06-19,307500.0,286500.0,306000.0,287500.0,1278723,287500.0
2018-06-20,302000.0,290500.0,291500.0,297000.0,944458,297000.0
2018-06-21,298000.0,291500.0,297500.0,292000.0,739522,292000.0
2018-06-22,298500.0,288500.0,290000.0,295500.0,554010,295500.0
2018-06-25,301000.0,293000.0,299500.0,296000.0,488058,296000.0
2018-06-26,301000.0,287000.0,292500.0,301000.0,715492,301000.0
2018-06-27,308500.0,297500.0,299500.0,302000.0,833334,302000.0
2018-06-28,304500.0,296000.0,300500.0,298000.0,489616,298000.0
2018-06-29,306500.0,296500.0,301000.0,303500.0,746639,303500.0
2018-07-02,311500.0,303000.0,303000.0,303500.0,908019,303500.0
2018-07-03,308500.0,299000.0,307500.0,303000.0,614716,303000.0
2018-07-04,302500.0,290500.0,301000.0,291500.0,735433,291500.0
2018-07-05,294500.0,277500.0,292500.0,282000.0,1022915,282000.0
2018-07-06,293000.0,278000.0,283000.0,289500.0,767023,289500.0
2018-07-09,291500.0,284000.0,289000.0,284000.0,440396,284000.0
2018-07-10,289500.0,280500.0,286500.0,281000.0,509266,281000.0
2018-07-11,281000.0,274000.0,281000.0,276500.0,572271,276500.0
2018-07-12,288000.0,276500.0,277000.0,288000.0,779938,288000.0
2018-07-13,290000.0,283000.0,285500.0,288000.0,530153,288000.0
2018-07-16,299500.0,288000.0,289000.0,293500.0,574900,293500.0
2018-07-17,297500.0,292000.0,295000.0,295500.0,404756,295500.0
2018-07-18,302000.0,289500.0,297000.0,290000.0,453418,290000.0
2018-07-19,293500.0,283000.0,292000.0,288500.0,655392,288500.0
2018-07-20,290000.0,282500.0,288000.0,285500.0,388902,285500.0
2018-07-23,286000.0,267000.0,285500.0,267500.0,1208156,267500.0
2018-07-24,274000.0,263000.0,268500.0,265000.0,742714,265000.0
2018-07-25,268000.0,247000.0,266500.0,251000.0,1947928,251000.0
2018-07-26,261000.0,245500.0,254500.0,254500.0,1182490,254500.0
2018-07-27,260000.0,254000.0,256500.0,256500.0,552944,256500.0
2018-07-30,260500.0,249500.0,254000.0,258000.0,551446,258000.0
2018-07-31,273000.0,256500.0,257000.0,271500.0,725339,271500.0
2018-08-01,289000.0,276000.0,276500.0,280500.0,1008827,280500.0
2018-08-02,285000.0,274000.0,284500.0,281500.0,699552,281500.0
2018-08-03,285000.0,278500.0,283500.0,280500.0,370378,280500.0
2018-08-06,283000.0,272500.0,280500.0,274000.0,382303,274000.0
2018-08-07,278000.0,262500.0,271500.0,274500.0,1103726,274500.0
2018-08-08,281500.0,275500.0,276500.0,276000.0,513526,276000.0
2018-08-09,276000.0,263500.0,267000.0,276000.0,1080868,276000.0
2018-08-10,281000.0,270500.0,275500.0,272000.0,528266,272000.0
2018-08-13,271500.0,259000.0,271000.0,260500.0,988487,260500.0
2018-08-14,267000.0,260000.0,260000.0,261000.0,558360,261000.0
2018-08-16,262500.0,251500.0,258500.0,258500.0,769754,258500.0
2018-08-17,268500.0,259000.0,259000.0,263000.0,634245,263000.0
2018-08-20,269000.0,261000.0,266000.0,261000.0,426199,261000.0
2018-08-21,271000.0,262500.0,264500.0,268500.0,630592,268500.0
2018-08-22,275500.0,268000.0,270500.0,268500.0,474002,268500.0
2018-08-23,274000.0,268000.0,269500.0,274000.0,395818,274000.0
2018-08-24,281000.0,271500.0,274500.0,279500.0,591776,279500.0
2018-08-27,284000.0,277500.0,280500.0,278000.0,440141,278000.0
2018-08-28,280000.0,269000.0,279500.0,269000.0,745381,269000.0
2018-08-29,274000.0,269000.0,269000.0,269500.0,410083,269500.0
2018-08-30,270000.0,264500.0,270000.0,266500.0,551567,266500.0
2018-08-31,272500.0,265000.0,266500.0,270000.0,671899,270000.0
